"","X","Measure","Prop","Score","Task"
"1",1,"IGS",0,0.023,"CarpenterFdaData"
"2",2,"IGS_proper",0,0.041,"CarpenterFdaData"
"3",3,"ILL",0,2.0305,"CarpenterFdaData"
"4",4,"ILL_proper",0,2.0265,"CarpenterFdaData"
"5",5,"NLL",0,1.03,"CarpenterFdaData"
"6",6,"SNL",0,1.424,"CarpenterFdaData"
"7",7,"RCLL",0,1.2035,"CarpenterFdaData"
"8",8,"C_H",0,0.0295,"CarpenterFdaData"
"9",9,"C_U",0,0.022,"CarpenterFdaData"
"10",10,"IGS",0.1,0.0285,"CarpenterFdaData"
"11",11,"IGS_proper",0.1,0.0205,"CarpenterFdaData"
"12",12,"ILL",0.1,5.3135,"CarpenterFdaData"
"13",13,"ILL_proper",0.1,5.384,"CarpenterFdaData"
"14",14,"NLL",0.1,1.919,"CarpenterFdaData"
"15",15,"SNL",0.1,2.206,"CarpenterFdaData"
"16",16,"RCLL",0.1,3.363,"CarpenterFdaData"
"17",17,"C_H",0.1,0.0355,"CarpenterFdaData"
"18",18,"C_U",0.1,0.0505,"CarpenterFdaData"
"19",19,"IGS",0.2,0.021,"CarpenterFdaData"
"20",20,"IGS_proper",0.2,0.0405,"CarpenterFdaData"
"21",21,"ILL",0.2,13.488,"CarpenterFdaData"
"22",22,"ILL_proper",0.2,14.4565,"CarpenterFdaData"
"23",23,"NLL",0.2,0.765,"CarpenterFdaData"
"24",24,"SNL",0.2,0.5165,"CarpenterFdaData"
"25",25,"RCLL",0.2,2.0625,"CarpenterFdaData"
"26",26,"C_H",0.2,0.011,"CarpenterFdaData"
"27",27,"C_U",0.2,0.039,"CarpenterFdaData"
"28",28,"IGS",0.3,0.1425,"CarpenterFdaData"
"29",29,"IGS_proper",0.3,0.1455,"CarpenterFdaData"
"30",30,"ILL",0.3,8.9485,"CarpenterFdaData"
"31",31,"ILL_proper",0.3,8.9635,"CarpenterFdaData"
"32",32,"NLL",0.3,1.5365,"CarpenterFdaData"
"33",33,"SNL",0.3,3.3685,"CarpenterFdaData"
"34",34,"RCLL",0.3,3.87,"CarpenterFdaData"
"35",35,"C_H",0.3,0.0655,"CarpenterFdaData"
"36",36,"C_U",0.3,0.1085,"CarpenterFdaData"
"37",37,"IGS",0.4,0.072,"CarpenterFdaData"
"38",38,"IGS_proper",0.4,0.0805,"CarpenterFdaData"
"39",39,"ILL",0.4,14.654,"CarpenterFdaData"
"40",40,"ILL_proper",0.4,13.8035,"CarpenterFdaData"
"41",41,"NLL",0.4,0.961,"CarpenterFdaData"
"42",42,"SNL",0.4,2.058,"CarpenterFdaData"
"43",43,"RCLL",0.4,3.9205,"CarpenterFdaData"
"44",44,"C_H",0.4,0.0325,"CarpenterFdaData"
"45",45,"C_U",0.4,0.011,"CarpenterFdaData"
"46",46,"IGS",0.5,0.102,"CarpenterFdaData"
"47",47,"IGS_proper",0.5,0.103,"CarpenterFdaData"
"48",48,"ILL",0.5,13.61,"CarpenterFdaData"
"49",49,"ILL_proper",0.5,12.5995,"CarpenterFdaData"
"50",50,"NLL",0.5,1.867,"CarpenterFdaData"
"51",51,"SNL",0.5,1.782,"CarpenterFdaData"
"52",52,"RCLL",0.5,2.4105,"CarpenterFdaData"
"53",53,"C_H",0.5,0.066,"CarpenterFdaData"
"54",54,"C_U",0.5,0.1355,"CarpenterFdaData"
"55",55,"IGS",0.6,0.125,"CarpenterFdaData"
"56",56,"IGS_proper",0.6,0.156,"CarpenterFdaData"
"57",57,"ILL",0.6,15.9685,"CarpenterFdaData"
"58",58,"ILL_proper",0.6,15.844,"CarpenterFdaData"
"59",59,"NLL",0.6,0.355,"CarpenterFdaData"
"60",60,"SNL",0.6,1.391,"CarpenterFdaData"
"61",61,"RCLL",0.6,3.9105,"CarpenterFdaData"
"62",62,"C_H",0.6,0.0595,"CarpenterFdaData"
"63",63,"C_U",0.6,0.184,"CarpenterFdaData"
"64",64,"IGS",0.7,0.1555,"CarpenterFdaData"
"65",65,"IGS_proper",0.7,0.1585,"CarpenterFdaData"
"66",66,"ILL",0.7,12.3445,"CarpenterFdaData"
"67",67,"ILL_proper",0.7,12.2645,"CarpenterFdaData"
"68",68,"NLL",0.7,2.852,"CarpenterFdaData"
"69",69,"SNL",0.7,4.278,"CarpenterFdaData"
"70",70,"RCLL",0.7,5.3395,"CarpenterFdaData"
"71",71,"C_H",0.7,0.166,"CarpenterFdaData"
"72",72,"C_U",0.7,0.2595,"CarpenterFdaData"
"73",73,"IGS",0.8,0.129,"CarpenterFdaData"
"74",74,"IGS_proper",0.8,0.081,"CarpenterFdaData"
"75",75,"ILL",0.8,12.883,"CarpenterFdaData"
"76",76,"ILL_proper",0.8,12.846,"CarpenterFdaData"
"77",77,"NLL",0.8,4.4945,"CarpenterFdaData"
"78",78,"SNL",0.8,3.063,"CarpenterFdaData"
"79",79,"RCLL",0.8,9.729,"CarpenterFdaData"
"80",80,"C_H",0.8,0.192,"CarpenterFdaData"
"81",81,"C_U",0.8,0.2375,"CarpenterFdaData"
"82",82,"IGS",0.9,0.1505,"CarpenterFdaData"
"83",83,"IGS_proper",0.9,0.136,"CarpenterFdaData"
"84",84,"ILL",0.9,15.275,"CarpenterFdaData"
"85",85,"ILL_proper",0.9,15.228,"CarpenterFdaData"
"86",86,"NLL",0.9,6.837,"CarpenterFdaData"
"87",87,"SNL",0.9,2.3525,"CarpenterFdaData"
"88",88,"RCLL",0.9,9.683,"CarpenterFdaData"
"89",89,"C_H",0.9,0.269,"CarpenterFdaData"
"90",90,"C_U",0.9,0.2745,"CarpenterFdaData"
"91",91,"IGS",1,0.138,"CarpenterFdaData"
"92",92,"IGS_proper",1,0.1335,"CarpenterFdaData"
"93",93,"ILL",1,12.35,"CarpenterFdaData"
"94",94,"ILL_proper",1,12.8605,"CarpenterFdaData"
"95",95,"NLL",1,5.992,"CarpenterFdaData"
"96",96,"SNL",1,4.7425,"CarpenterFdaData"
"97",97,"RCLL",1,11.4845,"CarpenterFdaData"
"98",98,"C_H",1,0.3365,"CarpenterFdaData"
"99",99,"C_U",1,0.3345,"CarpenterFdaData"
"100",1,"IGS",0,0.034,"STR.data"
"101",2,"IGS_proper",0,0.0625,"STR.data"
"102",3,"ILL",0,0.128,"STR.data"
"103",4,"ILL_proper",0,0.149,"STR.data"
"104",5,"NLL",0,0.17,"STR.data"
"105",6,"SNL",0,0,"STR.data"
"106",7,"RCLL",0,1.6335,"STR.data"
"107",8,"C_H",0,0.0175,"STR.data"
"108",9,"C_U",0,0.0945,"STR.data"
"109",10,"IGS",0.1,0.03,"STR.data"
"110",11,"IGS_proper",0.1,0.0525,"STR.data"
"111",12,"ILL",0.1,0.235,"STR.data"
"112",13,"ILL_proper",0.1,0.18,"STR.data"
"113",14,"NLL",0.1,1.197,"STR.data"
"114",15,"SNL",0.1,4.609,"STR.data"
"115",16,"RCLL",0.1,1.941,"STR.data"
"116",17,"C_H",0.1,0.0525,"STR.data"
"117",18,"C_U",0.1,0.1615,"STR.data"
"118",19,"IGS",0.2,0.052,"STR.data"
"119",20,"IGS_proper",0.2,0.056,"STR.data"
"120",21,"ILL",0.2,0.2155,"STR.data"
"121",22,"ILL_proper",0.2,0.225,"STR.data"
"122",23,"NLL",0.2,4.773,"STR.data"
"123",24,"SNL",0.2,11.622,"STR.data"
"124",25,"RCLL",0.2,0.9355,"STR.data"
"125",26,"C_H",0.2,0.057,"STR.data"
"126",27,"C_U",0.2,0.1625,"STR.data"
"127",28,"IGS",0.3,0.023,"STR.data"
"128",29,"IGS_proper",0.3,0.022,"STR.data"
"129",30,"ILL",0.3,0.1455,"STR.data"
"130",31,"ILL_proper",0.3,0.1625,"STR.data"
"131",32,"NLL",0.3,7.188,"STR.data"
"132",33,"SNL",0.3,15.4485,"STR.data"
"133",34,"RCLL",0.3,1.2785,"STR.data"
"134",35,"C_H",0.3,0.078,"STR.data"
"135",36,"C_U",0.3,0.1765,"STR.data"
"136",37,"IGS",0.4,0.03,"STR.data"
"137",38,"IGS_proper",0.4,0.0435,"STR.data"
"138",39,"ILL",0.4,0.189,"STR.data"
"139",40,"ILL_proper",0.4,0.2105,"STR.data"
"140",41,"NLL",0.4,12.3485,"STR.data"
"141",42,"SNL",0.4,19.5815,"STR.data"
"142",43,"RCLL",0.4,1.339,"STR.data"
"143",44,"C_H",0.4,0.0295,"STR.data"
"144",45,"C_U",0.4,0.042,"STR.data"
"145",46,"IGS",0.5,NA,"STR.data"
"146",47,"IGS_proper",0.5,3.5395,"STR.data"
"147",48,"ILL",0.5,NA,"STR.data"
"148",49,"ILL_proper",0.5,7.2675,"STR.data"
"149",50,"NLL",0.5,13.2535,"STR.data"
"150",51,"SNL",0.5,19.7415,"STR.data"
"151",52,"RCLL",0.5,0.611,"STR.data"
"152",53,"C_H",0.5,0.1005,"STR.data"
"153",54,"C_U",0.5,0.354,"STR.data"
"154",55,"IGS",0.6,0.0195,"STR.data"
"155",56,"IGS_proper",0.6,0.09,"STR.data"
"156",57,"ILL",0.6,0.344,"STR.data"
"157",58,"ILL_proper",0.6,4.2275,"STR.data"
"158",59,"NLL",0.6,19.2865,"STR.data"
"159",60,"SNL",0.6,24.6845,"STR.data"
"160",61,"RCLL",0.6,2.1555,"STR.data"
"161",62,"C_H",0.6,0.138,"STR.data"
"162",63,"C_U",0.6,0.183,"STR.data"
"163",64,"IGS",0.7,0.0435,"STR.data"
"164",65,"IGS_proper",0.7,0.034,"STR.data"
"165",66,"ILL",0.7,45.706,"STR.data"
"166",67,"ILL_proper",0.7,89.334,"STR.data"
"167",68,"NLL",0.7,20.971,"STR.data"
"168",69,"SNL",0.7,24.9785,"STR.data"
"169",70,"RCLL",0.7,3.21,"STR.data"
"170",71,"C_H",0.7,0.1145,"STR.data"
"171",72,"C_U",0.7,0.158,"STR.data"
"172",73,"IGS",0.8,0.0375,"STR.data"
"173",74,"IGS_proper",0.8,0.7295,"STR.data"
"174",75,"ILL",0.8,109.183,"STR.data"
"175",76,"ILL_proper",0.8,109.59,"STR.data"
"176",77,"NLL",0.8,24.5945,"STR.data"
"177",78,"SNL",0.8,28.129,"STR.data"
"178",79,"RCLL",0.8,4.4135,"STR.data"
"179",80,"C_H",0.8,0.143,"STR.data"
"180",81,"C_U",0.8,0.1915,"STR.data"
"181",82,"IGS",0.9,0.01,"STR.data"
"182",83,"IGS_proper",0.9,0.042,"STR.data"
"183",84,"ILL",0.9,113.938,"STR.data"
"184",85,"ILL_proper",0.9,124.7185,"STR.data"
"185",86,"NLL",0.9,28.137,"STR.data"
"186",87,"SNL",0.9,28.6805,"STR.data"
"187",88,"RCLL",0.9,3.627,"STR.data"
"188",89,"C_H",0.9,0.114,"STR.data"
"189",90,"C_U",0.9,0.122,"STR.data"
"190",91,"IGS",1,0.005,"STR.data"
"191",92,"IGS_proper",1,0.343,"STR.data"
"192",93,"ILL",1,219.232,"STR.data"
"193",94,"ILL_proper",1,218.7415,"STR.data"
"194",95,"NLL",1,31.244,"STR.data"
"195",96,"SNL",1,31.1615,"STR.data"
"196",97,"RCLL",1,4.435,"STR.data"
"197",98,"C_H",1,0.138,"STR.data"
"198",99,"C_U",1,0.2625,"STR.data"
"199",1,"IGS",0,0.012,"aids.id"
"200",2,"IGS_proper",0,0.0055,"aids.id"
"201",3,"ILL",0,0.0285,"aids.id"
"202",4,"ILL_proper",0,0.0365,"aids.id"
"203",5,"NLL",0,1.3125,"aids.id"
"204",6,"SNL",0,2.2945,"aids.id"
"205",7,"RCLL",0,0.959,"aids.id"
"206",8,"C_H",0,0.078,"aids.id"
"207",9,"C_U",0,0.0325,"aids.id"
"208",10,"IGS",0.1,0.0785,"aids.id"
"209",11,"IGS_proper",0.1,0.1975,"aids.id"
"210",12,"ILL",0.1,0.229,"aids.id"
"211",13,"ILL_proper",0.1,2.246,"aids.id"
"212",14,"NLL",0.1,1.5255,"aids.id"
"213",15,"SNL",0.1,2.1085,"aids.id"
"214",16,"RCLL",0.1,2.093,"aids.id"
"215",17,"C_H",0.1,0.0175,"aids.id"
"216",18,"C_U",0.1,0.044,"aids.id"
"217",19,"IGS",0.2,0.02,"aids.id"
"218",20,"IGS_proper",0.2,0.0125,"aids.id"
"219",21,"ILL",0.2,0.078,"aids.id"
"220",22,"ILL_proper",0.2,0.0665,"aids.id"
"221",23,"NLL",0.2,3.13,"aids.id"
"222",24,"SNL",0.2,2.226,"aids.id"
"223",25,"RCLL",0.2,1.571,"aids.id"
"224",26,"C_H",0.2,0.028,"aids.id"
"225",27,"C_U",0.2,0.0275,"aids.id"
"226",28,"IGS",0.3,0.101,"aids.id"
"227",29,"IGS_proper",0.3,0.3245,"aids.id"
"228",30,"ILL",0.3,0.431,"aids.id"
"229",31,"ILL_proper",0.3,6.6175,"aids.id"
"230",32,"NLL",0.3,5.154,"aids.id"
"231",33,"SNL",0.3,4.898,"aids.id"
"232",34,"RCLL",0.3,1.8915,"aids.id"
"233",35,"C_H",0.3,0.0865,"aids.id"
"234",36,"C_U",0.3,0.4255,"aids.id"
"235",37,"IGS",0.4,0.0215,"aids.id"
"236",38,"IGS_proper",0.4,0.0345,"aids.id"
"237",39,"ILL",0.4,0.0105,"aids.id"
"238",40,"ILL_proper",0.4,0.033,"aids.id"
"239",41,"NLL",0.4,7.754,"aids.id"
"240",42,"SNL",0.4,10.0155,"aids.id"
"241",43,"RCLL",0.4,3.469,"aids.id"
"242",44,"C_H",0.4,0.019,"aids.id"
"243",45,"C_U",0.4,0.105,"aids.id"
"244",46,"IGS",0.5,0.062,"aids.id"
"245",47,"IGS_proper",0.5,0.0935,"aids.id"
"246",48,"ILL",0.5,0.1175,"aids.id"
"247",49,"ILL_proper",0.5,0.3375,"aids.id"
"248",50,"NLL",0.5,13.1945,"aids.id"
"249",51,"SNL",0.5,13.884,"aids.id"
"250",52,"RCLL",0.5,5.868,"aids.id"
"251",53,"C_H",0.5,0.2125,"aids.id"
"252",54,"C_U",0.5,0.2455,"aids.id"
"253",55,"IGS",0.6,0.0145,"aids.id"
"254",56,"IGS_proper",0.6,0.078,"aids.id"
"255",57,"ILL",0.6,15.922,"aids.id"
"256",58,"ILL_proper",0.6,15.9765,"aids.id"
"257",59,"NLL",0.6,14.7595,"aids.id"
"258",60,"SNL",0.6,15.1245,"aids.id"
"259",61,"RCLL",0.6,5.633,"aids.id"
"260",62,"C_H",0.6,0.171,"aids.id"
"261",63,"C_U",0.6,0.1445,"aids.id"
"262",64,"IGS",0.7,0.007,"aids.id"
"263",65,"IGS_proper",0.7,0.023,"aids.id"
"264",66,"ILL",0.7,78.028,"aids.id"
"265",67,"ILL_proper",0.7,57.136,"aids.id"
"266",68,"NLL",0.7,16.535,"aids.id"
"267",69,"SNL",0.7,20.7935,"aids.id"
"268",70,"RCLL",0.7,8.634,"aids.id"
"269",71,"C_H",0.7,0.201,"aids.id"
"270",72,"C_U",0.7,0.1895,"aids.id"
"271",73,"IGS",0.8,0.033,"aids.id"
"272",74,"IGS_proper",0.8,0.09,"aids.id"
"273",75,"ILL",0.8,144.129,"aids.id"
"274",76,"ILL_proper",0.8,123.1105,"aids.id"
"275",77,"NLL",0.8,21.0505,"aids.id"
"276",78,"SNL",0.8,21.4005,"aids.id"
"277",79,"RCLL",0.8,7.3945,"aids.id"
"278",80,"C_H",0.8,0.189,"aids.id"
"279",81,"C_U",0.8,0.212,"aids.id"
"280",82,"IGS",0.9,0.0295,"aids.id"
"281",83,"IGS_proper",0.9,0.085,"aids.id"
"282",84,"ILL",0.9,137.6945,"aids.id"
"283",85,"ILL_proper",0.9,121.973,"aids.id"
"284",86,"NLL",0.9,25.1175,"aids.id"
"285",87,"SNL",0.9,26.312,"aids.id"
"286",88,"RCLL",0.9,8.5865,"aids.id"
"287",89,"C_H",0.9,0.325,"aids.id"
"288",90,"C_U",0.9,0.313,"aids.id"
"289",91,"IGS",1,0.062,"aids.id"
"290",92,"IGS_proper",1,0.1305,"aids.id"
"291",93,"ILL",1,166.383,"aids.id"
"292",94,"ILL_proper",1,176.0045,"aids.id"
"293",95,"NLL",1,28.1165,"aids.id"
"294",96,"SNL",1,28.363,"aids.id"
"295",97,"RCLL",1,11.1325,"aids.id"
"296",98,"C_H",1,0.285,"aids.id"
"297",99,"C_U",1,0.2235,"aids.id"
"298",1,"IGS",0,0.1035,"bladder0"
"299",2,"IGS_proper",0,0.2545,"bladder0"
"300",3,"ILL",0,0.3295,"bladder0"
"301",4,"ILL_proper",0,0.4275,"bladder0"
"302",5,"NLL",0,2.806,"bladder0"
"303",6,"SNL",0,3.8125,"bladder0"
"304",7,"RCLL",0,1.5185,"bladder0"
"305",8,"C_H",0,0.1205,"bladder0"
"306",9,"C_U",0,0.1325,"bladder0"
"307",10,"IGS",0.1,0.111,"bladder0"
"308",11,"IGS_proper",0.1,0.87,"bladder0"
"309",12,"ILL",0.1,4.0045,"bladder0"
"310",13,"ILL_proper",0.1,4.2545,"bladder0"
"311",14,"NLL",0.1,0.27,"bladder0"
"312",15,"SNL",0.1,0.4235,"bladder0"
"313",16,"RCLL",0.1,1.686,"bladder0"
"314",17,"C_H",0.1,0.1185,"bladder0"
"315",18,"C_U",0.1,0.1215,"bladder0"
"316",19,"IGS",0.2,0.063,"bladder0"
"317",20,"IGS_proper",0.2,0.0865,"bladder0"
"318",21,"ILL",0.2,0.8245,"bladder0"
"319",22,"ILL_proper",0.2,0.9655,"bladder0"
"320",23,"NLL",0.2,0.2965,"bladder0"
"321",24,"SNL",0.2,1.0685,"bladder0"
"322",25,"RCLL",0.2,2.208,"bladder0"
"323",26,"C_H",0.2,0.062,"bladder0"
"324",27,"C_U",0.2,0.1745,"bladder0"
"325",28,"IGS",0.3,0.033,"bladder0"
"326",29,"IGS_proper",0.3,2.12,"bladder0"
"327",30,"ILL",0.3,1.2575,"bladder0"
"328",31,"ILL_proper",0.3,3.434,"bladder0"
"329",32,"NLL",0.3,2.2555,"bladder0"
"330",33,"SNL",0.3,2.593,"bladder0"
"331",34,"RCLL",0.3,1.43,"bladder0"
"332",35,"C_H",0.3,0.046,"bladder0"
"333",36,"C_U",0.3,0.097,"bladder0"
"334",37,"IGS",0.4,0.0525,"bladder0"
"335",38,"IGS_proper",0.4,0.0645,"bladder0"
"336",39,"ILL",0.4,0.2085,"bladder0"
"337",40,"ILL_proper",0.4,0.2745,"bladder0"
"338",41,"NLL",0.4,1.5445,"bladder0"
"339",42,"SNL",0.4,4.093,"bladder0"
"340",43,"RCLL",0.4,3.0485,"bladder0"
"341",44,"C_H",0.4,0.0815,"bladder0"
"342",45,"C_U",0.4,0.136,"bladder0"
"343",46,"IGS",0.5,NA,"bladder0"
"344",47,"IGS_proper",0.5,3.023,"bladder0"
"345",48,"ILL",0.5,NA,"bladder0"
"346",49,"ILL_proper",0.5,7.9195,"bladder0"
"347",50,"NLL",0.5,1.2395,"bladder0"
"348",51,"SNL",0.5,1.925,"bladder0"
"349",52,"RCLL",0.5,1.028,"bladder0"
"350",53,"C_H",0.5,0.1675,"bladder0"
"351",54,"C_U",0.5,0.326,"bladder0"
"352",55,"IGS",0.6,0.075,"bladder0"
"353",56,"IGS_proper",0.6,0.068,"bladder0"
"354",57,"ILL",0.6,0.798,"bladder0"
"355",58,"ILL_proper",0.6,0.7005,"bladder0"
"356",59,"NLL",0.6,2.4745,"bladder0"
"357",60,"SNL",0.6,3.853,"bladder0"
"358",61,"RCLL",0.6,1.009,"bladder0"
"359",62,"C_H",0.6,0.072,"bladder0"
"360",63,"C_U",0.6,0.068,"bladder0"
"361",64,"IGS",0.7,0.083,"bladder0"
"362",65,"IGS_proper",0.7,0.1285,"bladder0"
"363",66,"ILL",0.7,0.2415,"bladder0"
"364",67,"ILL_proper",0.7,0.2735,"bladder0"
"365",68,"NLL",0.7,2.61,"bladder0"
"366",69,"SNL",0.7,3.2255,"bladder0"
"367",70,"RCLL",0.7,3.492,"bladder0"
"368",71,"C_H",0.7,0.066,"bladder0"
"369",72,"C_U",0.7,0.161,"bladder0"
"370",73,"IGS",0.8,0.036,"bladder0"
"371",74,"IGS_proper",0.8,0.06,"bladder0"
"372",75,"ILL",0.8,0.594,"bladder0"
"373",76,"ILL_proper",0.8,0.4075,"bladder0"
"374",77,"NLL",0.8,1.5325,"bladder0"
"375",78,"SNL",0.8,2.6855,"bladder0"
"376",79,"RCLL",0.8,3.177,"bladder0"
"377",80,"C_H",0.8,0.058,"bladder0"
"378",81,"C_U",0.8,0.026,"bladder0"
"379",82,"IGS",0.9,0.038,"bladder0"
"380",83,"IGS_proper",0.9,0.113,"bladder0"
"381",84,"ILL",0.9,0.5145,"bladder0"
"382",85,"ILL_proper",0.9,0.435,"bladder0"
"383",86,"NLL",0.9,1.5385,"bladder0"
"384",87,"SNL",0.9,2.1175,"bladder0"
"385",88,"RCLL",0.9,0.301,"bladder0"
"386",89,"C_H",0.9,0.0945,"bladder0"
"387",90,"C_U",0.9,0.129,"bladder0"
"388",91,"IGS",1,0.044,"bladder0"
"389",92,"IGS_proper",1,0.0335,"bladder0"
"390",93,"ILL",1,0.7795,"bladder0"
"391",94,"ILL_proper",1,0.6345,"bladder0"
"392",95,"NLL",1,2.401,"bladder0"
"393",96,"SNL",1,3.249,"bladder0"
"394",97,"RCLL",1,0.6525,"bladder0"
"395",98,"C_H",1,0.05,"bladder0"
"396",99,"C_U",1,0.0785,"bladder0"
"397",1,"IGS",0,0.0375,"channing"
"398",2,"IGS_proper",0,0.0275,"channing"
"399",3,"ILL",0,0.0655,"channing"
"400",4,"ILL_proper",0,0.071,"channing"
"401",5,"NLL",0,1.1675,"channing"
"402",6,"SNL",0,1.058,"channing"
"403",7,"RCLL",0,1.357,"channing"
"404",8,"C_H",0,0.0885,"channing"
"405",9,"C_U",0,0.11,"channing"
"406",10,"IGS",0.1,0.0185,"channing"
"407",11,"IGS_proper",0.1,0.021,"channing"
"408",12,"ILL",0.1,0.156,"channing"
"409",13,"ILL_proper",0.1,0.094,"channing"
"410",14,"NLL",0.1,0.42,"channing"
"411",15,"SNL",0.1,3.4565,"channing"
"412",16,"RCLL",0.1,1.079,"channing"
"413",17,"C_H",0.1,0.085,"channing"
"414",18,"C_U",0.1,0.07,"channing"
"415",19,"IGS",0.2,0.0145,"channing"
"416",20,"IGS_proper",0.2,1.937,"channing"
"417",21,"ILL",0.2,0.1505,"channing"
"418",22,"ILL_proper",0.2,0.4145,"channing"
"419",23,"NLL",0.2,0.9645,"channing"
"420",24,"SNL",0.2,2.002,"channing"
"421",25,"RCLL",0.2,1.0015,"channing"
"422",26,"C_H",0.2,0.0115,"channing"
"423",27,"C_U",0.2,0.0105,"channing"
"424",28,"IGS",0.3,0.0185,"channing"
"425",29,"IGS_proper",0.3,0.0465,"channing"
"426",30,"ILL",0.3,0.1815,"channing"
"427",31,"ILL_proper",0.3,0.1785,"channing"
"428",32,"NLL",0.3,1.801,"channing"
"429",33,"SNL",0.3,1.0325,"channing"
"430",34,"RCLL",0.3,1.492,"channing"
"431",35,"C_H",0.3,0.0105,"channing"
"432",36,"C_U",0.3,0.0375,"channing"
"433",37,"IGS",0.4,0.036,"channing"
"434",38,"IGS_proper",0.4,0.046,"channing"
"435",39,"ILL",0.4,0.0695,"channing"
"436",40,"ILL_proper",0.4,0.131,"channing"
"437",41,"NLL",0.4,2.365,"channing"
"438",42,"SNL",0.4,2.25,"channing"
"439",43,"RCLL",0.4,2.5045,"channing"
"440",44,"C_H",0.4,0.06,"channing"
"441",45,"C_U",0.4,0.0845,"channing"
"442",46,"IGS",0.5,0.004,"channing"
"443",47,"IGS_proper",0.5,0.0085,"channing"
"444",48,"ILL",0.5,0.1835,"channing"
"445",49,"ILL_proper",0.5,0.1245,"channing"
"446",50,"NLL",0.5,3.137,"channing"
"447",51,"SNL",0.5,4.321,"channing"
"448",52,"RCLL",0.5,1.3005,"channing"
"449",53,"C_H",0.5,0.0945,"channing"
"450",54,"C_U",0.5,0.066,"channing"
"451",55,"IGS",0.6,0.011,"channing"
"452",56,"IGS_proper",0.6,0.012,"channing"
"453",57,"ILL",0.6,0.2045,"channing"
"454",58,"ILL_proper",0.6,0.1155,"channing"
"455",59,"NLL",0.6,3.971,"channing"
"456",60,"SNL",0.6,4.0975,"channing"
"457",61,"RCLL",0.6,1.53,"channing"
"458",62,"C_H",0.6,0.0855,"channing"
"459",63,"C_U",0.6,0.122,"channing"
"460",64,"IGS",0.7,0.004,"channing"
"461",65,"IGS_proper",0.7,0.011,"channing"
"462",66,"ILL",0.7,0.166,"channing"
"463",67,"ILL_proper",0.7,0.085,"channing"
"464",68,"NLL",0.7,5.9185,"channing"
"465",69,"SNL",0.7,2.5805,"channing"
"466",70,"RCLL",0.7,1.061,"channing"
"467",71,"C_H",0.7,0.1385,"channing"
"468",72,"C_U",0.7,0.147,"channing"
"469",73,"IGS",0.8,0.0225,"channing"
"470",74,"IGS_proper",0.8,0.7345,"channing"
"471",75,"ILL",0.8,0.1365,"channing"
"472",76,"ILL_proper",0.8,1.5945,"channing"
"473",77,"NLL",0.8,4.658,"channing"
"474",78,"SNL",0.8,1.476,"channing"
"475",79,"RCLL",0.8,2.7285,"channing"
"476",80,"C_H",0.8,0.1325,"channing"
"477",81,"C_U",0.8,0.129,"channing"
"478",82,"IGS",0.9,0.0135,"channing"
"479",83,"IGS_proper",0.9,0.042,"channing"
"480",84,"ILL",0.9,0.2065,"channing"
"481",85,"ILL_proper",0.9,0.046,"channing"
"482",86,"NLL",0.9,10.735,"channing"
"483",87,"SNL",0.9,10.9485,"channing"
"484",88,"RCLL",0.9,2.888,"channing"
"485",89,"C_H",0.9,0.135,"channing"
"486",90,"C_U",0.9,0.101,"channing"
"487",91,"IGS",1,0.013,"channing"
"488",92,"IGS_proper",1,0.0155,"channing"
"489",93,"ILL",1,0.196,"channing"
"490",94,"ILL_proper",1,0.2215,"channing"
"491",95,"NLL",1,5.222,"channing"
"492",96,"SNL",1,2.2485,"channing"
"493",97,"RCLL",1,0.7505,"channing"
"494",98,"C_H",1,0.215,"channing"
"495",99,"C_U",1,0.2375,"channing"
"496",1,"IGS",0,0.001,"cost"
"497",2,"IGS_proper",0,0.009,"cost"
"498",3,"ILL",0,0.203,"cost"
"499",4,"ILL_proper",0,0.1185,"cost"
"500",5,"NLL",0,0.8645,"cost"
"501",6,"SNL",0,1.019,"cost"
"502",7,"RCLL",0,1.036,"cost"
"503",8,"C_H",0,0.0235,"cost"
"504",9,"C_U",0,0.017,"cost"
"505",10,"IGS",0.1,0.013,"cost"
"506",11,"IGS_proper",0.1,0.0325,"cost"
"507",12,"ILL",0.1,0.057,"cost"
"508",13,"ILL_proper",0.1,0.0805,"cost"
"509",14,"NLL",0.1,0.6885,"cost"
"510",15,"SNL",0.1,0.937,"cost"
"511",16,"RCLL",0.1,1.69,"cost"
"512",17,"C_H",0.1,0.0235,"cost"
"513",18,"C_U",0.1,0.0135,"cost"
"514",19,"IGS",0.2,0.013,"cost"
"515",20,"IGS_proper",0.2,0.0285,"cost"
"516",21,"ILL",0.2,0.2095,"cost"
"517",22,"ILL_proper",0.2,0.207,"cost"
"518",23,"NLL",0.2,0.5205,"cost"
"519",24,"SNL",0.2,0.4315,"cost"
"520",25,"RCLL",0.2,2.68,"cost"
"521",26,"C_H",0.2,0.028,"cost"
"522",27,"C_U",0.2,0.04,"cost"
"523",28,"IGS",0.3,0.0095,"cost"
"524",29,"IGS_proper",0.3,0.009,"cost"
"525",30,"ILL",0.3,0.1595,"cost"
"526",31,"ILL_proper",0.3,0.0925,"cost"
"527",32,"NLL",0.3,0.1745,"cost"
"528",33,"SNL",0.3,0.304,"cost"
"529",34,"RCLL",0.3,3.4185,"cost"
"530",35,"C_H",0.3,0.0255,"cost"
"531",36,"C_U",0.3,0.0295,"cost"
"532",37,"IGS",0.4,0.017,"cost"
"533",38,"IGS_proper",0.4,0.021,"cost"
"534",39,"ILL",0.4,0.2735,"cost"
"535",40,"ILL_proper",0.4,0.086,"cost"
"536",41,"NLL",0.4,1.195,"cost"
"537",42,"SNL",0.4,1.8065,"cost"
"538",43,"RCLL",0.4,2.7305,"cost"
"539",44,"C_H",0.4,0.059,"cost"
"540",45,"C_U",0.4,0.0455,"cost"
"541",46,"IGS",0.5,0.04,"cost"
"542",47,"IGS_proper",0.5,0.026,"cost"
"543",48,"ILL",0.5,0.244,"cost"
"544",49,"ILL_proper",0.5,0.1445,"cost"
"545",50,"NLL",0.5,1.0285,"cost"
"546",51,"SNL",0.5,1.163,"cost"
"547",52,"RCLL",0.5,4.2535,"cost"
"548",53,"C_H",0.5,0.1035,"cost"
"549",54,"C_U",0.5,0.1565,"cost"
"550",55,"IGS",0.6,0.032,"cost"
"551",56,"IGS_proper",0.6,0.0785,"cost"
"552",57,"ILL",0.6,0.3015,"cost"
"553",58,"ILL_proper",0.6,0.3085,"cost"
"554",59,"NLL",0.6,0.5285,"cost"
"555",60,"SNL",0.6,0.639,"cost"
"556",61,"RCLL",0.6,6.042,"cost"
"557",62,"C_H",0.6,0.1015,"cost"
"558",63,"C_U",0.6,0.149,"cost"
"559",64,"IGS",0.7,0.0605,"cost"
"560",65,"IGS_proper",0.7,0.078,"cost"
"561",66,"ILL",0.7,0.35,"cost"
"562",67,"ILL_proper",0.7,0.2235,"cost"
"563",68,"NLL",0.7,1.364,"cost"
"564",69,"SNL",0.7,1.651,"cost"
"565",70,"RCLL",0.7,7.7575,"cost"
"566",71,"C_H",0.7,0.1535,"cost"
"567",72,"C_U",0.7,0.1425,"cost"
"568",73,"IGS",0.8,0.0105,"cost"
"569",74,"IGS_proper",0.8,1.915,"cost"
"570",75,"ILL",0.8,0.412,"cost"
"571",76,"ILL_proper",0.8,1.1845,"cost"
"572",77,"NLL",0.8,0.6955,"cost"
"573",78,"SNL",0.8,0.963,"cost"
"574",79,"RCLL",0.8,8.463,"cost"
"575",80,"C_H",0.8,0.1145,"cost"
"576",81,"C_U",0.8,0.1435,"cost"
"577",82,"IGS",0.9,0.034,"cost"
"578",83,"IGS_proper",0.9,0.0405,"cost"
"579",84,"ILL",0.9,0.4905,"cost"
"580",85,"ILL_proper",0.9,0.352,"cost"
"581",86,"NLL",0.9,0.6835,"cost"
"582",87,"SNL",0.9,1.2505,"cost"
"583",88,"RCLL",0.9,9.268,"cost"
"584",89,"C_H",0.9,0.207,"cost"
"585",90,"C_U",0.9,0.2155,"cost"
"586",91,"IGS",1,0.003,"cost"
"587",92,"IGS_proper",1,0.053,"cost"
"588",93,"ILL",1,0.369,"cost"
"589",94,"ILL_proper",1,0.215,"cost"
"590",95,"NLL",1,0.498,"cost"
"591",96,"SNL",1,1.38,"cost"
"592",97,"RCLL",1,8.63,"cost"
"593",98,"C_H",1,0.227,"cost"
"594",99,"C_U",1,0.222,"cost"
"595",1,"IGS",0,0.097,"e1684"
"596",2,"IGS_proper",0,0.014,"e1684"
"597",3,"ILL",0,0.3435,"e1684"
"598",4,"ILL_proper",0,0.1885,"e1684"
"599",5,"NLL",0,3.207,"e1684"
"600",6,"SNL",0,3.889,"e1684"
"601",7,"RCLL",0,0.4065,"e1684"
"602",8,"C_H",0,0.041,"e1684"
"603",9,"C_U",0,0.03,"e1684"
"604",10,"IGS",0.1,0.018,"e1684"
"605",11,"IGS_proper",0.1,0.014,"e1684"
"606",12,"ILL",0.1,0.005,"e1684"
"607",13,"ILL_proper",0.1,0.038,"e1684"
"608",14,"NLL",0.1,1.612,"e1684"
"609",15,"SNL",0.1,0.9355,"e1684"
"610",16,"RCLL",0.1,0.6285,"e1684"
"611",17,"C_H",0.1,0.0735,"e1684"
"612",18,"C_U",0.1,0.034,"e1684"
"613",19,"IGS",0.2,0.0255,"e1684"
"614",20,"IGS_proper",0.2,0.038,"e1684"
"615",21,"ILL",0.2,0.065,"e1684"
"616",22,"ILL_proper",0.2,0.061,"e1684"
"617",23,"NLL",0.2,2.0325,"e1684"
"618",24,"SNL",0.2,1.353,"e1684"
"619",25,"RCLL",0.2,0.714,"e1684"
"620",26,"C_H",0.2,0.052,"e1684"
"621",27,"C_U",0.2,0.0525,"e1684"
"622",28,"IGS",0.3,0.036,"e1684"
"623",29,"IGS_proper",0.3,0.2195,"e1684"
"624",30,"ILL",0.3,0.104,"e1684"
"625",31,"ILL_proper",0.3,0.0665,"e1684"
"626",32,"NLL",0.3,5.282,"e1684"
"627",33,"SNL",0.3,4.759,"e1684"
"628",34,"RCLL",0.3,4.4645,"e1684"
"629",35,"C_H",0.3,0.05,"e1684"
"630",36,"C_U",0.3,0.096,"e1684"
"631",37,"IGS",0.4,0.147,"e1684"
"632",38,"IGS_proper",0.4,0.1765,"e1684"
"633",39,"ILL",0.4,0.22,"e1684"
"634",40,"ILL_proper",0.4,0.19,"e1684"
"635",41,"NLL",0.4,10.5795,"e1684"
"636",42,"SNL",0.4,7.213,"e1684"
"637",43,"RCLL",0.4,5.476,"e1684"
"638",44,"C_H",0.4,0.091,"e1684"
"639",45,"C_U",0.4,0.132,"e1684"
"640",46,"IGS",0.5,0.042,"e1684"
"641",47,"IGS_proper",0.5,0.081,"e1684"
"642",48,"ILL",0.5,0.201,"e1684"
"643",49,"ILL_proper",0.5,0.2885,"e1684"
"644",50,"NLL",0.5,13.7505,"e1684"
"645",51,"SNL",0.5,10.851,"e1684"
"646",52,"RCLL",0.5,8.7605,"e1684"
"647",53,"C_H",0.5,0.0085,"e1684"
"648",54,"C_U",0.5,0.1015,"e1684"
"649",55,"IGS",0.6,0.128,"e1684"
"650",56,"IGS_proper",0.6,2.2535,"e1684"
"651",57,"ILL",0.6,0.749,"e1684"
"652",58,"ILL_proper",0.6,6.273,"e1684"
"653",59,"NLL",0.6,14.359,"e1684"
"654",60,"SNL",0.6,11.0245,"e1684"
"655",61,"RCLL",0.6,9.4375,"e1684"
"656",62,"C_H",0.6,0.059,"e1684"
"657",63,"C_U",0.6,0.0555,"e1684"
"658",64,"IGS",0.7,0.069,"e1684"
"659",65,"IGS_proper",0.7,1.312,"e1684"
"660",66,"ILL",0.7,16.773,"e1684"
"661",67,"ILL_proper",0.7,26.068,"e1684"
"662",68,"NLL",0.7,15.2295,"e1684"
"663",69,"SNL",0.7,10.6585,"e1684"
"664",70,"RCLL",0.7,9.8275,"e1684"
"665",71,"C_H",0.7,0.0875,"e1684"
"666",72,"C_U",0.7,0.2325,"e1684"
"667",73,"IGS",0.8,0.0405,"e1684"
"668",74,"IGS_proper",0.8,0.078,"e1684"
"669",75,"ILL",0.8,22.337,"e1684"
"670",76,"ILL_proper",0.8,22.5625,"e1684"
"671",77,"NLL",0.8,21.6555,"e1684"
"672",78,"SNL",0.8,20.0335,"e1684"
"673",79,"RCLL",0.8,12.872,"e1684"
"674",80,"C_H",0.8,0.017,"e1684"
"675",81,"C_U",0.8,0.0235,"e1684"
"676",82,"IGS",0.9,0.095,"e1684"
"677",83,"IGS_proper",0.9,0.178,"e1684"
"678",84,"ILL",0.9,116.586,"e1684"
"679",85,"ILL_proper",0.9,148.609,"e1684"
"680",86,"NLL",0.9,25.463,"e1684"
"681",87,"SNL",0.9,23.05,"e1684"
"682",88,"RCLL",0.9,16.917,"e1684"
"683",89,"C_H",0.9,0.13,"e1684"
"684",90,"C_U",0.9,0.1655,"e1684"
"685",91,"IGS",1,0.044,"e1684"
"686",92,"IGS_proper",1,0.049,"e1684"
"687",93,"ILL",1,155.211,"e1684"
"688",94,"ILL_proper",1,172.5775,"e1684"
"689",95,"NLL",1,28.163,"e1684"
"690",96,"SNL",1,28.02,"e1684"
"691",97,"RCLL",1,20.087,"e1684"
"692",98,"C_H",1,0.0555,"e1684"
"693",99,"C_U",1,0.0465,"e1684"
"694",1,"IGS",0,0.024,"grace"
"695",2,"IGS_proper",0,0.0135,"grace"
"696",3,"ILL",0,90.361,"grace"
"697",4,"ILL_proper",0,128.3335,"grace"
"698",5,"NLL",0,1.068,"grace"
"699",6,"SNL",0,0.7995,"grace"
"700",7,"RCLL",0,0.743,"grace"
"701",8,"C_H",0,0.0525,"grace"
"702",9,"C_U",0,0.055,"grace"
"703",10,"IGS",0.1,0.0275,"grace"
"704",11,"IGS_proper",0.1,0.034,"grace"
"705",12,"ILL",0.1,90.177,"grace"
"706",13,"ILL_proper",0.1,81.7385,"grace"
"707",14,"NLL",0.1,0.1185,"grace"
"708",15,"SNL",0.1,1.8955,"grace"
"709",16,"RCLL",0.1,1.1655,"grace"
"710",17,"C_H",0.1,0.045,"grace"
"711",18,"C_U",0.1,0.0485,"grace"
"712",19,"IGS",0.2,0.0415,"grace"
"713",20,"IGS_proper",0.2,0.058,"grace"
"714",21,"ILL",0.2,7.6285,"grace"
"715",22,"ILL_proper",0.2,187.145,"grace"
"716",23,"NLL",0.2,2.9495,"grace"
"717",24,"SNL",0.2,3.925,"grace"
"718",25,"RCLL",0.2,1.145,"grace"
"719",26,"C_H",0.2,0.0865,"grace"
"720",27,"C_U",0.2,0.111,"grace"
"721",28,"IGS",0.3,0.044,"grace"
"722",29,"IGS_proper",0.3,0.0295,"grace"
"723",30,"ILL",0.3,100.921,"grace"
"724",31,"ILL_proper",0.3,135.5645,"grace"
"725",32,"NLL",0.3,1.57,"grace"
"726",33,"SNL",0.3,4.185,"grace"
"727",34,"RCLL",0.3,1.7455,"grace"
"728",35,"C_H",0.3,0.1185,"grace"
"729",36,"C_U",0.3,0.13,"grace"
"730",37,"IGS",0.4,0.0735,"grace"
"731",38,"IGS_proper",0.4,0.0505,"grace"
"732",39,"ILL",0.4,126.709,"grace"
"733",40,"ILL_proper",0.4,168.9825,"grace"
"734",41,"NLL",0.4,7.267,"grace"
"735",42,"SNL",0.4,1.772,"grace"
"736",43,"RCLL",0.4,1.245,"grace"
"737",44,"C_H",0.4,0.1675,"grace"
"738",45,"C_U",0.4,0.188,"grace"
"739",46,"IGS",0.5,0.061,"grace"
"740",47,"IGS_proper",0.5,0.0365,"grace"
"741",48,"ILL",0.5,113.2435,"grace"
"742",49,"ILL_proper",0.5,203.3895,"grace"
"743",50,"NLL",0.5,2.298,"grace"
"744",51,"SNL",0.5,2.091,"grace"
"745",52,"RCLL",0.5,1.523,"grace"
"746",53,"C_H",0.5,0.1805,"grace"
"747",54,"C_U",0.5,0.2115,"grace"
"748",55,"IGS",0.6,0.0795,"grace"
"749",56,"IGS_proper",0.6,0.057,"grace"
"750",57,"ILL",0.6,183.447,"grace"
"751",58,"ILL_proper",0.6,189.524,"grace"
"752",59,"NLL",0.6,5.99,"grace"
"753",60,"SNL",0.6,3.329,"grace"
"754",61,"RCLL",0.6,2.074,"grace"
"755",62,"C_H",0.6,0.2385,"grace"
"756",63,"C_U",0.6,0.233,"grace"
"757",64,"IGS",0.7,0.096,"grace"
"758",65,"IGS_proper",0.7,0.4515,"grace"
"759",66,"ILL",0.7,128.6395,"grace"
"760",67,"ILL_proper",0.7,177.906,"grace"
"761",68,"NLL",0.7,3.6265,"grace"
"762",69,"SNL",0.7,0.588,"grace"
"763",70,"RCLL",0.7,1.901,"grace"
"764",71,"C_H",0.7,0.337,"grace"
"765",72,"C_U",0.7,0.321,"grace"
"766",73,"IGS",0.8,0.084,"grace"
"767",74,"IGS_proper",0.8,0.056,"grace"
"768",75,"ILL",0.8,178.71,"grace"
"769",76,"ILL_proper",0.8,163.3745,"grace"
"770",77,"NLL",0.8,4.5855,"grace"
"771",78,"SNL",0.8,4.1275,"grace"
"772",79,"RCLL",0.8,2.9695,"grace"
"773",80,"C_H",0.8,0.319,"grace"
"774",81,"C_U",0.8,0.293,"grace"
"775",82,"IGS",0.9,0.0735,"grace"
"776",83,"IGS_proper",0.9,0.0825,"grace"
"777",84,"ILL",0.9,74.695,"grace"
"778",85,"ILL_proper",0.9,173.8215,"grace"
"779",86,"NLL",0.9,4.427,"grace"
"780",87,"SNL",0.9,5.306,"grace"
"781",88,"RCLL",0.9,3.766,"grace"
"782",89,"C_H",0.9,0.345,"grace"
"783",90,"C_U",0.9,0.3205,"grace"
"784",91,"IGS",1,0.0765,"grace"
"785",92,"IGS_proper",1,0.084,"grace"
"786",93,"ILL",1,183.136,"grace"
"787",94,"ILL_proper",1,205.63,"grace"
"788",95,"NLL",1,7.3825,"grace"
"789",96,"SNL",1,0.3755,"grace"
"790",97,"RCLL",1,2.977,"grace"
"791",98,"C_H",1,0.336,"grace"
"792",99,"C_U",1,0.3435,"grace"
"793",1,"IGS",0,0.0195,"kidtran"
"794",2,"IGS_proper",0,0.0125,"kidtran"
"795",3,"ILL",0,0.0705,"kidtran"
"796",4,"ILL_proper",0,0.09,"kidtran"
"797",5,"NLL",0,1.0375,"kidtran"
"798",6,"SNL",0,2.1285,"kidtran"
"799",7,"RCLL",0,0.9515,"kidtran"
"800",8,"C_H",0,0.08,"kidtran"
"801",9,"C_U",0,0.036,"kidtran"
"802",10,"IGS",0.1,0.0315,"kidtran"
"803",11,"IGS_proper",0.1,0.04,"kidtran"
"804",12,"ILL",0.1,0.0975,"kidtran"
"805",13,"ILL_proper",0.1,0.1285,"kidtran"
"806",14,"NLL",0.1,0.094,"kidtran"
"807",15,"SNL",0.1,0.545,"kidtran"
"808",16,"RCLL",0.1,1.712,"kidtran"
"809",17,"C_H",0.1,0.165,"kidtran"
"810",18,"C_U",0.1,0.09,"kidtran"
"811",19,"IGS",0.2,0.0535,"kidtran"
"812",20,"IGS_proper",0.2,0.0035,"kidtran"
"813",21,"ILL",0.2,0.0905,"kidtran"
"814",22,"ILL_proper",0.2,0.171,"kidtran"
"815",23,"NLL",0.2,0.491,"kidtran"
"816",24,"SNL",0.2,1.261,"kidtran"
"817",25,"RCLL",0.2,1.251,"kidtran"
"818",26,"C_H",0.2,0.0835,"kidtran"
"819",27,"C_U",0.2,0.341,"kidtran"
"820",28,"IGS",0.3,0.029,"kidtran"
"821",29,"IGS_proper",0.3,0.033,"kidtran"
"822",30,"ILL",0.3,0.1745,"kidtran"
"823",31,"ILL_proper",0.3,0.212,"kidtran"
"824",32,"NLL",0.3,0.4195,"kidtran"
"825",33,"SNL",0.3,0.782,"kidtran"
"826",34,"RCLL",0.3,3.6445,"kidtran"
"827",35,"C_H",0.3,0.053,"kidtran"
"828",36,"C_U",0.3,0.0135,"kidtran"
"829",37,"IGS",0.4,0.0655,"kidtran"
"830",38,"IGS_proper",0.4,0.104,"kidtran"
"831",39,"ILL",0.4,0.2935,"kidtran"
"832",40,"ILL_proper",0.4,0.402,"kidtran"
"833",41,"NLL",0.4,0.207,"kidtran"
"834",42,"SNL",0.4,0.829,"kidtran"
"835",43,"RCLL",0.4,5.2155,"kidtran"
"836",44,"C_H",0.4,0.2115,"kidtran"
"837",45,"C_U",0.4,0.1525,"kidtran"
"838",46,"IGS",0.5,0.032,"kidtran"
"839",47,"IGS_proper",0.5,0.051,"kidtran"
"840",48,"ILL",0.5,0.2055,"kidtran"
"841",49,"ILL_proper",0.5,0.2875,"kidtran"
"842",50,"NLL",0.5,0.806,"kidtran"
"843",51,"SNL",0.5,2.1685,"kidtran"
"844",52,"RCLL",0.5,5.911,"kidtran"
"845",53,"C_H",0.5,0.156,"kidtran"
"846",54,"C_U",0.5,0.0775,"kidtran"
"847",55,"IGS",0.6,0.04,"kidtran"
"848",56,"IGS_proper",0.6,0.06,"kidtran"
"849",57,"ILL",0.6,0.31,"kidtran"
"850",58,"ILL_proper",0.6,0.364,"kidtran"
"851",59,"NLL",0.6,0.287,"kidtran"
"852",60,"SNL",0.6,1.3085,"kidtran"
"853",61,"RCLL",0.6,7.26,"kidtran"
"854",62,"C_H",0.6,0.1195,"kidtran"
"855",63,"C_U",0.6,0.184,"kidtran"
"856",64,"IGS",0.7,0.076,"kidtran"
"857",65,"IGS_proper",0.7,0.067,"kidtran"
"858",66,"ILL",0.7,0.6,"kidtran"
"859",67,"ILL_proper",0.7,0.564,"kidtran"
"860",68,"NLL",0.7,0.1995,"kidtran"
"861",69,"SNL",0.7,1.933,"kidtran"
"862",70,"RCLL",0.7,9.2975,"kidtran"
"863",71,"C_H",0.7,0.1475,"kidtran"
"864",72,"C_U",0.7,0.138,"kidtran"
"865",73,"IGS",0.8,0.099,"kidtran"
"866",74,"IGS_proper",0.8,0.0705,"kidtran"
"867",75,"ILL",0.8,0.485,"kidtran"
"868",76,"ILL_proper",0.8,0.5025,"kidtran"
"869",77,"NLL",0.8,0.9125,"kidtran"
"870",78,"SNL",0.8,2.516,"kidtran"
"871",79,"RCLL",0.8,10.4555,"kidtran"
"872",80,"C_H",0.8,0.1875,"kidtran"
"873",81,"C_U",0.8,0.2175,"kidtran"
"874",82,"IGS",0.9,0.037,"kidtran"
"875",83,"IGS_proper",0.9,0.063,"kidtran"
"876",84,"ILL",0.9,0.4945,"kidtran"
"877",85,"ILL_proper",0.9,0.542,"kidtran"
"878",86,"NLL",0.9,0.293,"kidtran"
"879",87,"SNL",0.9,0.485,"kidtran"
"880",88,"RCLL",0.9,9.5145,"kidtran"
"881",89,"C_H",0.9,0.163,"kidtran"
"882",90,"C_U",0.9,0.142,"kidtran"
"883",91,"IGS",1,0.037,"kidtran"
"884",92,"IGS_proper",1,0.057,"kidtran"
"885",93,"ILL",1,0.317,"kidtran"
"886",94,"ILL_proper",1,0.393,"kidtran"
"887",95,"NLL",1,1.0275,"kidtran"
"888",96,"SNL",1,1.0705,"kidtran"
"889",97,"RCLL",1,9.592,"kidtran"
"890",98,"C_H",1,0.172,"kidtran"
"891",99,"C_U",1,0.1545,"kidtran"
"892",1,"IGS",0,0.0115,"liver"
"893",2,"IGS_proper",0,0.02,"liver"
"894",3,"ILL",0,0.244,"liver"
"895",4,"ILL_proper",0,0.2655,"liver"
"896",5,"NLL",0,0.9195,"liver"
"897",6,"SNL",0,0.925,"liver"
"898",7,"RCLL",0,1.685,"liver"
"899",8,"C_H",0,0.038,"liver"
"900",9,"C_U",0,0.0115,"liver"
"901",10,"IGS",0.1,0.052,"liver"
"902",11,"IGS_proper",0.1,0.0535,"liver"
"903",12,"ILL",0.1,0.359,"liver"
"904",13,"ILL_proper",0.1,0.3045,"liver"
"905",14,"NLL",0.1,1.114,"liver"
"906",15,"SNL",0.1,0.69,"liver"
"907",16,"RCLL",0.1,3.4475,"liver"
"908",17,"C_H",0.1,0.0525,"liver"
"909",18,"C_U",0.1,0.0425,"liver"
"910",19,"IGS",0.2,0.026,"liver"
"911",20,"IGS_proper",0.2,0.0335,"liver"
"912",21,"ILL",0.2,0.1035,"liver"
"913",22,"ILL_proper",0.2,0.092,"liver"
"914",23,"NLL",0.2,3.092,"liver"
"915",24,"SNL",0.2,2.803,"liver"
"916",25,"RCLL",0.2,2.373,"liver"
"917",26,"C_H",0.2,0.0455,"liver"
"918",27,"C_U",0.2,0.041,"liver"
"919",28,"IGS",0.3,0.038,"liver"
"920",29,"IGS_proper",0.3,0.079,"liver"
"921",30,"ILL",0.3,0.2945,"liver"
"922",31,"ILL_proper",0.3,0.335,"liver"
"923",32,"NLL",0.3,7.313,"liver"
"924",33,"SNL",0.3,5.7575,"liver"
"925",34,"RCLL",0.3,3.0925,"liver"
"926",35,"C_H",0.3,0.0905,"liver"
"927",36,"C_U",0.3,0.1725,"liver"
"928",37,"IGS",0.4,0.012,"liver"
"929",38,"IGS_proper",0.4,0.093,"liver"
"930",39,"ILL",0.4,0.295,"liver"
"931",40,"ILL_proper",0.4,0.2695,"liver"
"932",41,"NLL",0.4,10.478,"liver"
"933",42,"SNL",0.4,9.8005,"liver"
"934",43,"RCLL",0.4,6.684,"liver"
"935",44,"C_H",0.4,0.092,"liver"
"936",45,"C_U",0.4,0.061,"liver"
"937",46,"IGS",0.5,0.032,"liver"
"938",47,"IGS_proper",0.5,0.074,"liver"
"939",48,"ILL",0.5,0.601,"liver"
"940",49,"ILL_proper",0.5,0.6455,"liver"
"941",50,"NLL",0.5,14.243,"liver"
"942",51,"SNL",0.5,13.5325,"liver"
"943",52,"RCLL",0.5,10.6005,"liver"
"944",53,"C_H",0.5,0.1105,"liver"
"945",54,"C_U",0.5,0.1445,"liver"
"946",55,"IGS",0.6,0.011,"liver"
"947",56,"IGS_proper",0.6,0.079,"liver"
"948",57,"ILL",0.6,0.435,"liver"
"949",58,"ILL_proper",0.6,13.665,"liver"
"950",59,"NLL",0.6,16.0505,"liver"
"951",60,"SNL",0.6,14.74,"liver"
"952",61,"RCLL",0.6,9.595,"liver"
"953",62,"C_H",0.6,0.0675,"liver"
"954",63,"C_U",0.6,0.0625,"liver"
"955",64,"IGS",0.7,0.011,"liver"
"956",65,"IGS_proper",0.7,0.0545,"liver"
"957",66,"ILL",0.7,35.3285,"liver"
"958",67,"ILL_proper",0.7,35.532,"liver"
"959",68,"NLL",0.7,19.4625,"liver"
"960",69,"SNL",0.7,17.4605,"liver"
"961",70,"RCLL",0.7,9.759,"liver"
"962",71,"C_H",0.7,0.1445,"liver"
"963",72,"C_U",0.7,0.148,"liver"
"964",73,"IGS",0.8,0.078,"liver"
"965",74,"IGS_proper",0.8,0.035,"liver"
"966",75,"ILL",0.8,131.885,"liver"
"967",76,"ILL_proper",0.8,109.4295,"liver"
"968",77,"NLL",0.8,22.3805,"liver"
"969",78,"SNL",0.8,21.5485,"liver"
"970",79,"RCLL",0.8,14.785,"liver"
"971",80,"C_H",0.8,0.1355,"liver"
"972",81,"C_U",0.8,0.127,"liver"
"973",82,"IGS",0.9,0.0405,"liver"
"974",83,"IGS_proper",0.9,0.069,"liver"
"975",84,"ILL",0.9,149.592,"liver"
"976",85,"ILL_proper",0.9,143.2585,"liver"
"977",86,"NLL",0.9,26.726,"liver"
"978",87,"SNL",0.9,26.273,"liver"
"979",88,"RCLL",0.9,14.6335,"liver"
"980",89,"C_H",0.9,0.0765,"liver"
"981",90,"C_U",0.9,0.065,"liver"
"982",91,"IGS",1,0.019,"liver"
"983",92,"IGS_proper",1,0.0275,"liver"
"984",93,"ILL",1,216.1955,"liver"
"985",94,"ILL_proper",1,217.4435,"liver"
"986",95,"NLL",1,29.299,"liver"
"987",96,"SNL",1,30.0585,"liver"
"988",97,"RCLL",1,17.267,"liver"
"989",98,"C_H",1,0.1105,"liver"
"990",99,"C_U",1,0.084,"liver"
"991",1,"IGS",0,0.01,"lung"
"992",2,"IGS_proper",0,0.022,"lung"
"993",3,"ILL",0,0.4635,"lung"
"994",4,"ILL_proper",0,0.4595,"lung"
"995",5,"NLL",0,1.0965,"lung"
"996",6,"SNL",0,1.4735,"lung"
"997",7,"RCLL",0,0.5445,"lung"
"998",8,"C_H",0,0.064,"lung"
"999",9,"C_U",0,0.0285,"lung"
"1000",10,"IGS",0.1,0.0475,"lung"
"1001",11,"IGS_proper",0.1,0.0455,"lung"
"1002",12,"ILL",0.1,0.1665,"lung"
"1003",13,"ILL_proper",0.1,0.228,"lung"
"1004",14,"NLL",0.1,2.2405,"lung"
"1005",15,"SNL",0.1,2.458,"lung"
"1006",16,"RCLL",0.1,2.0475,"lung"
"1007",17,"C_H",0.1,0.083,"lung"
"1008",18,"C_U",0.1,0.058,"lung"
"1009",19,"IGS",0.2,0.035,"lung"
"1010",20,"IGS_proper",0.2,0.0195,"lung"
"1011",21,"ILL",0.2,0.1815,"lung"
"1012",22,"ILL_proper",0.2,0.128,"lung"
"1013",23,"NLL",0.2,0.5305,"lung"
"1014",24,"SNL",0.2,1.492,"lung"
"1015",25,"RCLL",0.2,3.7315,"lung"
"1016",26,"C_H",0.2,0.018,"lung"
"1017",27,"C_U",0.2,0.014,"lung"
"1018",28,"IGS",0.3,0.046,"lung"
"1019",29,"IGS_proper",0.3,7.776,"lung"
"1020",30,"ILL",0.3,0.563,"lung"
"1021",31,"ILL_proper",0.3,11.9435,"lung"
"1022",32,"NLL",0.3,1.0685,"lung"
"1023",33,"SNL",0.3,1.09,"lung"
"1024",34,"RCLL",0.3,2.459,"lung"
"1025",35,"C_H",0.3,0.1495,"lung"
"1026",36,"C_U",0.3,0.311,"lung"
"1027",37,"IGS",0.4,0.0615,"lung"
"1028",38,"IGS_proper",0.4,0.0035,"lung"
"1029",39,"ILL",0.4,0.411,"lung"
"1030",40,"ILL_proper",0.4,0.4045,"lung"
"1031",41,"NLL",0.4,0.585,"lung"
"1032",42,"SNL",0.4,1.678,"lung"
"1033",43,"RCLL",0.4,1.2875,"lung"
"1034",44,"C_H",0.4,0.12,"lung"
"1035",45,"C_U",0.4,0.1655,"lung"
"1036",46,"IGS",0.5,0.0175,"lung"
"1037",47,"IGS_proper",0.5,0.007,"lung"
"1038",48,"ILL",0.5,0.2035,"lung"
"1039",49,"ILL_proper",0.5,0.1665,"lung"
"1040",50,"NLL",0.5,1.642,"lung"
"1041",51,"SNL",0.5,1.7995,"lung"
"1042",52,"RCLL",0.5,5.5025,"lung"
"1043",53,"C_H",0.5,0.045,"lung"
"1044",54,"C_U",0.5,0.0205,"lung"
"1045",55,"IGS",0.6,0.0565,"lung"
"1046",56,"IGS_proper",0.6,0.044,"lung"
"1047",57,"ILL",0.6,0.175,"lung"
"1048",58,"ILL_proper",0.6,0.136,"lung"
"1049",59,"NLL",0.6,2.2,"lung"
"1050",60,"SNL",0.6,2.2625,"lung"
"1051",61,"RCLL",0.6,4.5415,"lung"
"1052",62,"C_H",0.6,0.161,"lung"
"1053",63,"C_U",0.6,0.144,"lung"
"1054",64,"IGS",0.7,0.01,"lung"
"1055",65,"IGS_proper",0.7,7.6155,"lung"
"1056",66,"ILL",0.7,0.155,"lung"
"1057",67,"ILL_proper",0.7,6.68,"lung"
"1058",68,"NLL",0.7,2.2625,"lung"
"1059",69,"SNL",0.7,1.1785,"lung"
"1060",70,"RCLL",0.7,4.451,"lung"
"1061",71,"C_H",0.7,0.1845,"lung"
"1062",72,"C_U",0.7,0.011,"lung"
"1063",73,"IGS",0.8,0.081,"lung"
"1064",74,"IGS_proper",0.8,0.07,"lung"
"1065",75,"ILL",0.8,0.506,"lung"
"1066",76,"ILL_proper",0.8,0.5305,"lung"
"1067",77,"NLL",0.8,1.0475,"lung"
"1068",78,"SNL",0.8,1.241,"lung"
"1069",79,"RCLL",0.8,7.562,"lung"
"1070",80,"C_H",0.8,0.0105,"lung"
"1071",81,"C_U",0.8,0.1455,"lung"
"1072",82,"IGS",0.9,0.0725,"lung"
"1073",83,"IGS_proper",0.9,0.117,"lung"
"1074",84,"ILL",0.9,0.681,"lung"
"1075",85,"ILL_proper",0.9,0.672,"lung"
"1076",86,"NLL",0.9,1.6065,"lung"
"1077",87,"SNL",0.9,2.9095,"lung"
"1078",88,"RCLL",0.9,9.337,"lung"
"1079",89,"C_H",0.9,0.2375,"lung"
"1080",90,"C_U",0.9,0.192,"lung"
"1081",91,"IGS",1,0.0405,"lung"
"1082",92,"IGS_proper",1,0.025,"lung"
"1083",93,"ILL",1,0.434,"lung"
"1084",94,"ILL_proper",1,0.387,"lung"
"1085",95,"NLL",1,1.6115,"lung"
"1086",96,"SNL",1,2.2775,"lung"
"1087",97,"RCLL",1,7.4795,"lung"
"1088",98,"C_H",1,0.0955,"lung"
"1089",99,"C_U",1,0.2555,"lung"
"1090",1,"IGS",0,0.052,"mayo"
"1091",2,"IGS_proper",0,0.0475,"mayo"
"1092",3,"ILL",0,0.035,"mayo"
"1093",4,"ILL_proper",0,0.1505,"mayo"
"1094",5,"NLL",0,0.2815,"mayo"
"1095",6,"SNL",0,0,"mayo"
"1096",7,"RCLL",0,0.7685,"mayo"
"1097",8,"C_H",0,0.0185,"mayo"
"1098",9,"C_U",0,0.047,"mayo"
"1099",10,"IGS",0.1,0.0395,"mayo"
"1100",11,"IGS_proper",0.1,0.062,"mayo"
"1101",12,"ILL",0.1,0.4865,"mayo"
"1102",13,"ILL_proper",0.1,0.3645,"mayo"
"1103",14,"NLL",0.1,0.2975,"mayo"
"1104",15,"SNL",0.1,0.8625,"mayo"
"1105",16,"RCLL",0.1,1.354,"mayo"
"1106",17,"C_H",0.1,0.118,"mayo"
"1107",18,"C_U",0.1,0.069,"mayo"
"1108",19,"IGS",0.2,0.05,"mayo"
"1109",20,"IGS_proper",0.2,0.018,"mayo"
"1110",21,"ILL",0.2,0.737,"mayo"
"1111",22,"ILL_proper",0.2,0.62,"mayo"
"1112",23,"NLL",0.2,0.3245,"mayo"
"1113",24,"SNL",0.2,1.1565,"mayo"
"1114",25,"RCLL",0.2,4.1835,"mayo"
"1115",26,"C_H",0.2,0.1205,"mayo"
"1116",27,"C_U",0.2,0.0875,"mayo"
"1117",28,"IGS",0.3,NA,"mayo"
"1118",29,"IGS_proper",0.3,0.031,"mayo"
"1119",30,"ILL",0.3,NA,"mayo"
"1120",31,"ILL_proper",0.3,0.4975,"mayo"
"1121",32,"NLL",0.3,0.2855,"mayo"
"1122",33,"SNL",0.3,0,"mayo"
"1123",34,"RCLL",0.3,0.524,"mayo"
"1124",35,"C_H",0.3,0.1185,"mayo"
"1125",36,"C_U",0.3,0.0965,"mayo"
"1126",37,"IGS",0.4,0.08,"mayo"
"1127",38,"IGS_proper",0.4,0.063,"mayo"
"1128",39,"ILL",0.4,1.1135,"mayo"
"1129",40,"ILL_proper",0.4,0.755,"mayo"
"1130",41,"NLL",0.4,0.291,"mayo"
"1131",42,"SNL",0.4,0.9645,"mayo"
"1132",43,"RCLL",0.4,3.8635,"mayo"
"1133",44,"C_H",0.4,0.1655,"mayo"
"1134",45,"C_U",0.4,0.1965,"mayo"
"1135",46,"IGS",0.5,0.0785,"mayo"
"1136",47,"IGS_proper",0.5,0.1065,"mayo"
"1137",48,"ILL",0.5,0.7225,"mayo"
"1138",49,"ILL_proper",0.5,0.472,"mayo"
"1139",50,"NLL",0.5,0.592,"mayo"
"1140",51,"SNL",0.5,0.747,"mayo"
"1141",52,"RCLL",0.5,3.262,"mayo"
"1142",53,"C_H",0.5,0.2375,"mayo"
"1143",54,"C_U",0.5,0.2455,"mayo"
"1144",55,"IGS",0.6,0.071,"mayo"
"1145",56,"IGS_proper",0.6,0.1375,"mayo"
"1146",57,"ILL",0.6,0.9875,"mayo"
"1147",58,"ILL_proper",0.6,0.6,"mayo"
"1148",59,"NLL",0.6,0,"mayo"
"1149",60,"SNL",0.6,0,"mayo"
"1150",61,"RCLL",0.6,3.91,"mayo"
"1151",62,"C_H",0.6,0.2555,"mayo"
"1152",63,"C_U",0.6,0.168,"mayo"
"1153",64,"IGS",0.7,0.055,"mayo"
"1154",65,"IGS_proper",0.7,0.058,"mayo"
"1155",66,"ILL",0.7,0.825,"mayo"
"1156",67,"ILL_proper",0.7,1.1145,"mayo"
"1157",68,"NLL",0.7,0.298,"mayo"
"1158",69,"SNL",0.7,0.7685,"mayo"
"1159",70,"RCLL",0.7,0.455,"mayo"
"1160",71,"C_H",0.7,0.279,"mayo"
"1161",72,"C_U",0.7,0.2635,"mayo"
"1162",73,"IGS",0.8,0.0825,"mayo"
"1163",74,"IGS_proper",0.8,0.0825,"mayo"
"1164",75,"ILL",0.8,1.1045,"mayo"
"1165",76,"ILL_proper",0.8,0.7915,"mayo"
"1166",77,"NLL",0.8,0,"mayo"
"1167",78,"SNL",0.8,0,"mayo"
"1168",79,"RCLL",0.8,2.1995,"mayo"
"1169",80,"C_H",0.8,0.37,"mayo"
"1170",81,"C_U",0.8,0.3585,"mayo"
"1171",82,"IGS",0.9,0.069,"mayo"
"1172",83,"IGS_proper",0.9,0.779,"mayo"
"1173",84,"ILL",0.9,0.926,"mayo"
"1174",85,"ILL_proper",0.9,2.2435,"mayo"
"1175",86,"NLL",0.9,0.5925,"mayo"
"1176",87,"SNL",0.9,0.7525,"mayo"
"1177",88,"RCLL",0.9,6.7805,"mayo"
"1178",89,"C_H",0.9,0.349,"mayo"
"1179",90,"C_U",0.9,0.3055,"mayo"
"1180",91,"IGS",1,0.042,"mayo"
"1181",92,"IGS_proper",1,2.5085,"mayo"
"1182",93,"ILL",1,1.027,"mayo"
"1183",94,"ILL_proper",1,3.5585,"mayo"
"1184",95,"NLL",1,0.572,"mayo"
"1185",96,"SNL",1,0.7245,"mayo"
"1186",97,"RCLL",1,2.4185,"mayo"
"1187",98,"C_H",1,0.285,"mayo"
"1188",99,"C_U",1,0.215,"mayo"
"1189",1,"IGS",0,0.241,"mgus"
"1190",2,"IGS_proper",0,0.707,"mgus"
"1191",3,"ILL",0,3.9005,"mgus"
"1192",4,"ILL_proper",0,9.0125,"mgus"
"1193",5,"NLL",0,0.534,"mgus"
"1194",6,"SNL",0,0.559,"mgus"
"1195",7,"RCLL",0,0.6755,"mgus"
"1196",8,"C_H",0,0.0655,"mgus"
"1197",9,"C_U",0,0.088,"mgus"
"1198",10,"IGS",0.1,0.11,"mgus"
"1199",11,"IGS_proper",0.1,7.4485,"mgus"
"1200",12,"ILL",0.1,6.139,"mgus"
"1201",13,"ILL_proper",0.1,12.0245,"mgus"
"1202",14,"NLL",0.1,0,"mgus"
"1203",15,"SNL",0.1,0,"mgus"
"1204",16,"RCLL",0.1,2,"mgus"
"1205",17,"C_H",0.1,0.09,"mgus"
"1206",18,"C_U",0.1,0.016,"mgus"
"1207",19,"IGS",0.2,0.0495,"mgus"
"1208",20,"IGS_proper",0.2,5.9865,"mgus"
"1209",21,"ILL",0.2,1.809,"mgus"
"1210",22,"ILL_proper",0.2,5.232,"mgus"
"1211",23,"NLL",0.2,0.491,"mgus"
"1212",24,"SNL",0.2,0.4915,"mgus"
"1213",25,"RCLL",0.2,3.257,"mgus"
"1214",26,"C_H",0.2,0.0315,"mgus"
"1215",27,"C_U",0.2,0.0555,"mgus"
"1216",28,"IGS",0.3,0.0405,"mgus"
"1217",29,"IGS_proper",0.3,5.4505,"mgus"
"1218",30,"ILL",0.3,0.558,"mgus"
"1219",31,"ILL_proper",0.3,3.777,"mgus"
"1220",32,"NLL",0.3,0.505,"mgus"
"1221",33,"SNL",0.3,0.587,"mgus"
"1222",34,"RCLL",0.3,4.7305,"mgus"
"1223",35,"C_H",0.3,0.169,"mgus"
"1224",36,"C_U",0.3,0.2035,"mgus"
"1225",37,"IGS",0.4,0.114,"mgus"
"1226",38,"IGS_proper",0.4,1.3135,"mgus"
"1227",39,"ILL",0.4,2.1935,"mgus"
"1228",40,"ILL_proper",0.4,5.03,"mgus"
"1229",41,"NLL",0.4,0,"mgus"
"1230",42,"SNL",0.4,0,"mgus"
"1231",43,"RCLL",0.4,4.921,"mgus"
"1232",44,"C_H",0.4,0.0745,"mgus"
"1233",45,"C_U",0.4,0.07,"mgus"
"1234",46,"IGS",0.5,0.0545,"mgus"
"1235",47,"IGS_proper",0.5,0.016,"mgus"
"1236",48,"ILL",0.5,0.414,"mgus"
"1237",49,"ILL_proper",0.5,0.42,"mgus"
"1238",50,"NLL",0.5,0,"mgus"
"1239",51,"SNL",0.5,0,"mgus"
"1240",52,"RCLL",0.5,9.3235,"mgus"
"1241",53,"C_H",0.5,0.0845,"mgus"
"1242",54,"C_U",0.5,0.056,"mgus"
"1243",55,"IGS",0.6,0.0615,"mgus"
"1244",56,"IGS_proper",0.6,0.0695,"mgus"
"1245",57,"ILL",0.6,0.568,"mgus"
"1246",58,"ILL_proper",0.6,0.4975,"mgus"
"1247",59,"NLL",0.6,0.5365,"mgus"
"1248",60,"SNL",0.6,0.6225,"mgus"
"1249",61,"RCLL",0.6,7.033,"mgus"
"1250",62,"C_H",0.6,0.0755,"mgus"
"1251",63,"C_U",0.6,0.1145,"mgus"
"1252",64,"IGS",0.7,0.082,"mgus"
"1253",65,"IGS_proper",0.7,3.4075,"mgus"
"1254",66,"ILL",0.7,1.1435,"mgus"
"1255",67,"ILL_proper",0.7,4.548,"mgus"
"1256",68,"NLL",0.7,0,"mgus"
"1257",69,"SNL",0.7,0,"mgus"
"1258",70,"RCLL",0.7,7.4465,"mgus"
"1259",71,"C_H",0.7,0.0125,"mgus"
"1260",72,"C_U",0.7,0.0255,"mgus"
"1261",73,"IGS",0.8,0.0465,"mgus"
"1262",74,"IGS_proper",0.8,0.097,"mgus"
"1263",75,"ILL",0.8,0.5315,"mgus"
"1264",76,"ILL_proper",0.8,0.4215,"mgus"
"1265",77,"NLL",0.8,0,"mgus"
"1266",78,"SNL",0.8,0,"mgus"
"1267",79,"RCLL",0.8,15.6395,"mgus"
"1268",80,"C_H",0.8,0.215,"mgus"
"1269",81,"C_U",0.8,0.173,"mgus"
"1270",82,"IGS",0.9,0.127,"mgus"
"1271",83,"IGS_proper",0.9,2.34,"mgus"
"1272",84,"ILL",0.9,0.159,"mgus"
"1273",85,"ILL_proper",0.9,11.3225,"mgus"
"1274",86,"NLL",0.9,0,"mgus"
"1275",87,"SNL",0.9,0,"mgus"
"1276",88,"RCLL",0.9,12.43,"mgus"
"1277",89,"C_H",0.9,0.201,"mgus"
"1278",90,"C_U",0.9,0.207,"mgus"
"1279",91,"IGS",1,0.0465,"mgus"
"1280",92,"IGS_proper",1,0.037,"mgus"
"1281",93,"ILL",1,1.0125,"mgus"
"1282",94,"ILL_proper",1,1.005,"mgus"
"1283",95,"NLL",1,0,"mgus"
"1284",96,"SNL",1,0,"mgus"
"1285",97,"RCLL",1,17.487,"mgus"
"1286",98,"C_H",1,0.23,"mgus"
"1287",99,"C_U",1,0.2265,"mgus"
"1288",1,"IGS",0,0.036,"ova"
"1289",2,"IGS_proper",0,0.0115,"ova"
"1290",3,"ILL",0,0.0785,"ova"
"1291",4,"ILL_proper",0,0.0855,"ova"
"1292",5,"NLL",0,0,"ova"
"1293",6,"SNL",0,0,"ova"
"1294",7,"RCLL",0,0.3625,"ova"
"1295",8,"C_H",0,0.016,"ova"
"1296",9,"C_U",0,0.0145,"ova"
"1297",10,"IGS",0.1,0.025,"ova"
"1298",11,"IGS_proper",0.1,0.0255,"ova"
"1299",12,"ILL",0.1,0.012,"ova"
"1300",13,"ILL_proper",0.1,0.072,"ova"
"1301",14,"NLL",0.1,1.5085,"ova"
"1302",15,"SNL",0.1,1.189,"ova"
"1303",16,"RCLL",0.1,3.9665,"ova"
"1304",17,"C_H",0.1,0.1085,"ova"
"1305",18,"C_U",0.1,0.101,"ova"
"1306",19,"IGS",0.2,0.019,"ova"
"1307",20,"IGS_proper",0.2,0.0225,"ova"
"1308",21,"ILL",0.2,0.1625,"ova"
"1309",22,"ILL_proper",0.2,0.118,"ova"
"1310",23,"NLL",0.2,4.5295,"ova"
"1311",24,"SNL",0.2,3.7645,"ova"
"1312",25,"RCLL",0.2,4.763,"ova"
"1313",26,"C_H",0.2,0.066,"ova"
"1314",27,"C_U",0.2,0.042,"ova"
"1315",28,"IGS",0.3,0.0135,"ova"
"1316",29,"IGS_proper",0.3,0.0405,"ova"
"1317",30,"ILL",0.3,0.157,"ova"
"1318",31,"ILL_proper",0.3,0.2375,"ova"
"1319",32,"NLL",0.3,7.508,"ova"
"1320",33,"SNL",0.3,5.6905,"ova"
"1321",34,"RCLL",0.3,7.5095,"ova"
"1322",35,"C_H",0.3,0.0355,"ova"
"1323",36,"C_U",0.3,0.0365,"ova"
"1324",37,"IGS",0.4,0.042,"ova"
"1325",38,"IGS_proper",0.4,0.07,"ova"
"1326",39,"ILL",0.4,0.1545,"ova"
"1327",40,"ILL_proper",0.4,0.17,"ova"
"1328",41,"NLL",0.4,11.3385,"ova"
"1329",42,"SNL",0.4,8.3915,"ova"
"1330",43,"RCLL",0.4,9.2045,"ova"
"1331",44,"C_H",0.4,0.059,"ova"
"1332",45,"C_U",0.4,0.062,"ova"
"1333",46,"IGS",0.5,0.018,"ova"
"1334",47,"IGS_proper",0.5,0.132,"ova"
"1335",48,"ILL",0.5,1.6875,"ova"
"1336",49,"ILL_proper",0.5,1.5855,"ova"
"1337",50,"NLL",0.5,18.0495,"ova"
"1338",51,"SNL",0.5,16.662,"ova"
"1339",52,"RCLL",0.5,13.507,"ova"
"1340",53,"C_H",0.5,0.0755,"ova"
"1341",54,"C_U",0.5,0.058,"ova"
"1342",55,"IGS",0.6,0.0155,"ova"
"1343",56,"IGS_proper",0.6,0.052,"ova"
"1344",57,"ILL",0.6,0.368,"ova"
"1345",58,"ILL_proper",0.6,0.286,"ova"
"1346",59,"NLL",0.6,19.4415,"ova"
"1347",60,"SNL",0.6,16.511,"ova"
"1348",61,"RCLL",0.6,14.5625,"ova"
"1349",62,"C_H",0.6,0.0345,"ova"
"1350",63,"C_U",0.6,0.077,"ova"
"1351",64,"IGS",0.7,0.0325,"ova"
"1352",65,"IGS_proper",0.7,0.0795,"ova"
"1353",66,"ILL",0.7,73.232,"ova"
"1354",67,"ILL_proper",0.7,56.1605,"ova"
"1355",68,"NLL",0.7,23.1755,"ova"
"1356",69,"SNL",0.7,21.0505,"ova"
"1357",70,"RCLL",0.7,17.699,"ova"
"1358",71,"C_H",0.7,0.1315,"ova"
"1359",72,"C_U",0.7,0.137,"ova"
"1360",73,"IGS",0.8,0.041,"ova"
"1361",74,"IGS_proper",0.8,0.0485,"ova"
"1362",75,"ILL",0.8,123.1265,"ova"
"1363",76,"ILL_proper",0.8,106.3845,"ova"
"1364",77,"NLL",0.8,25.2235,"ova"
"1365",78,"SNL",0.8,22.683,"ova"
"1366",79,"RCLL",0.8,20.3255,"ova"
"1367",80,"C_H",0.8,0.069,"ova"
"1368",81,"C_U",0.8,0.0675,"ova"
"1369",82,"IGS",0.9,0.0155,"ova"
"1370",83,"IGS_proper",0.9,0.0905,"ova"
"1371",84,"ILL",0.9,216.13,"ova"
"1372",85,"ILL_proper",0.9,211.0635,"ova"
"1373",86,"NLL",0.9,30.083,"ova"
"1374",87,"SNL",0.9,29.8855,"ova"
"1375",88,"RCLL",0.9,24.242,"ova"
"1376",89,"C_H",0.9,0.0365,"ova"
"1377",90,"C_U",0.9,0.0445,"ova"
"1378",91,"IGS",1,0.052,"ova"
"1379",92,"IGS_proper",1,0.0575,"ova"
"1380",93,"ILL",1,204.3185,"ova"
"1381",94,"ILL_proper",1,165.4815,"ova"
"1382",95,"NLL",1,31.0825,"ova"
"1383",96,"SNL",1,31.564,"ova"
"1384",97,"RCLL",1,23.9005,"ova"
"1385",98,"C_H",1,0.1225,"ova"
"1386",99,"C_U",1,0.0785,"ova"
"1387",1,"IGS",0,0.062,"std"
"1388",2,"IGS_proper",0,0.0475,"std"
"1389",3,"ILL",0,0.1825,"std"
"1390",4,"ILL_proper",0,0.22,"std"
"1391",5,"NLL",0,2.3705,"std"
"1392",6,"SNL",0,3.457,"std"
"1393",7,"RCLL",0,0.7805,"std"
"1394",8,"C_H",0,0.0445,"std"
"1395",9,"C_U",0,0.0775,"std"
"1396",10,"IGS",0.1,0.031,"std"
"1397",11,"IGS_proper",0.1,0.07,"std"
"1398",12,"ILL",0.1,0.2335,"std"
"1399",13,"ILL_proper",0.1,0.194,"std"
"1400",14,"NLL",0.1,1.305,"std"
"1401",15,"SNL",0.1,1.8775,"std"
"1402",16,"RCLL",0.1,0.8255,"std"
"1403",17,"C_H",0.1,0.039,"std"
"1404",18,"C_U",0.1,0.0485,"std"
"1405",19,"IGS",0.2,0.036,"std"
"1406",20,"IGS_proper",0.2,1.7285,"std"
"1407",21,"ILL",0.2,0.078,"std"
"1408",22,"ILL_proper",0.2,3.3975,"std"
"1409",23,"NLL",0.2,1.66,"std"
"1410",24,"SNL",0.2,2.021,"std"
"1411",25,"RCLL",0.2,0.8165,"std"
"1412",26,"C_H",0.2,0.039,"std"
"1413",27,"C_U",0.2,0.0555,"std"
"1414",28,"IGS",0.3,0.016,"std"
"1415",29,"IGS_proper",0.3,1.1455,"std"
"1416",30,"ILL",0.3,0.103,"std"
"1417",31,"ILL_proper",0.3,1.7505,"std"
"1418",32,"NLL",0.3,0.794,"std"
"1419",33,"SNL",0.3,1.4825,"std"
"1420",34,"RCLL",0.3,0.792,"std"
"1421",35,"C_H",0.3,0.09,"std"
"1422",36,"C_U",0.3,0.072,"std"
"1423",37,"IGS",0.4,0.041,"std"
"1424",38,"IGS_proper",0.4,0.0215,"std"
"1425",39,"ILL",0.4,0.038,"std"
"1426",40,"ILL_proper",0.4,0.1335,"std"
"1427",41,"NLL",0.4,2.773,"std"
"1428",42,"SNL",0.4,3.278,"std"
"1429",43,"RCLL",0.4,0.68,"std"
"1430",44,"C_H",0.4,0.033,"std"
"1431",45,"C_U",0.4,0.0695,"std"
"1432",46,"IGS",0.5,0.0595,"std"
"1433",47,"IGS_proper",0.5,0.061,"std"
"1434",48,"ILL",0.5,0.175,"std"
"1435",49,"ILL_proper",0.5,0.287,"std"
"1436",50,"NLL",0.5,2.203,"std"
"1437",51,"SNL",0.5,0.9625,"std"
"1438",52,"RCLL",0.5,2.0355,"std"
"1439",53,"C_H",0.5,0.0755,"std"
"1440",54,"C_U",0.5,0.046,"std"
"1441",55,"IGS",0.6,0.0135,"std"
"1442",56,"IGS_proper",0.6,0.111,"std"
"1443",57,"ILL",0.6,0.0595,"std"
"1444",58,"ILL_proper",0.6,0.1295,"std"
"1445",59,"NLL",0.6,2.436,"std"
"1446",60,"SNL",0.6,4.8405,"std"
"1447",61,"RCLL",0.6,2.8205,"std"
"1448",62,"C_H",0.6,0.0575,"std"
"1449",63,"C_U",0.6,0.0965,"std"
"1450",64,"IGS",0.7,0.057,"std"
"1451",65,"IGS_proper",0.7,0.697,"std"
"1452",66,"ILL",0.7,0.314,"std"
"1453",67,"ILL_proper",0.7,0.9035,"std"
"1454",68,"NLL",0.7,2.5285,"std"
"1455",69,"SNL",0.7,3.6665,"std"
"1456",70,"RCLL",0.7,4.407,"std"
"1457",71,"C_H",0.7,0.0535,"std"
"1458",72,"C_U",0.7,0.0335,"std"
"1459",73,"IGS",0.8,0.033,"std"
"1460",74,"IGS_proper",0.8,0.076,"std"
"1461",75,"ILL",0.8,0.17,"std"
"1462",76,"ILL_proper",0.8,1.9905,"std"
"1463",77,"NLL",0.8,3.4635,"std"
"1464",78,"SNL",0.8,4.7295,"std"
"1465",79,"RCLL",0.8,6.5165,"std"
"1466",80,"C_H",0.8,0.1085,"std"
"1467",81,"C_U",0.8,0.102,"std"
"1468",82,"IGS",0.9,0.016,"std"
"1469",83,"IGS_proper",0.9,0.721,"std"
"1470",84,"ILL",0.9,0.25,"std"
"1471",85,"ILL_proper",0.9,1.4045,"std"
"1472",86,"NLL",0.9,3.4395,"std"
"1473",87,"SNL",0.9,1.8135,"std"
"1474",88,"RCLL",0.9,5.43,"std"
"1475",89,"C_H",0.9,0.1145,"std"
"1476",90,"C_U",0.9,0.101,"std"
"1477",91,"IGS",1,0.0595,"std"
"1478",92,"IGS_proper",1,0.031,"std"
"1479",93,"ILL",1,0.1665,"std"
"1480",94,"ILL_proper",1,0.156,"std"
"1481",95,"NLL",1,2.07,"std"
"1482",96,"SNL",1,3.0695,"std"
"1483",97,"RCLL",1,4.4725,"std"
"1484",98,"C_H",1,0.1215,"std"
"1485",99,"C_U",1,0.0675,"std"
"1486",1,"IGS",0,0.0235,"tumor"
"1487",2,"IGS_proper",0,0.017,"tumor"
"1488",3,"ILL",0,0.133,"tumor"
"1489",4,"ILL_proper",0,0.16,"tumor"
"1490",5,"NLL",0,0.917,"tumor"
"1491",6,"SNL",0,0.9845,"tumor"
"1492",7,"RCLL",0,1.5885,"tumor"
"1493",8,"C_H",0,0.03,"tumor"
"1494",9,"C_U",0,0.025,"tumor"
"1495",10,"IGS",0.1,0.0085,"tumor"
"1496",11,"IGS_proper",0.1,0.09,"tumor"
"1497",12,"ILL",0.1,0.017,"tumor"
"1498",13,"ILL_proper",0.1,0.049,"tumor"
"1499",14,"NLL",0.1,1.2835,"tumor"
"1500",15,"SNL",0.1,0.8365,"tumor"
"1501",16,"RCLL",0.1,0.493,"tumor"
"1502",17,"C_H",0.1,0.053,"tumor"
"1503",18,"C_U",0.1,0.0435,"tumor"
"1504",19,"IGS",0.2,0.0325,"tumor"
"1505",20,"IGS_proper",0.2,0.0935,"tumor"
"1506",21,"ILL",0.2,0.164,"tumor"
"1507",22,"ILL_proper",0.2,0.2325,"tumor"
"1508",23,"NLL",0.2,1.01,"tumor"
"1509",24,"SNL",0.2,1.3775,"tumor"
"1510",25,"RCLL",0.2,1.599,"tumor"
"1511",26,"C_H",0.2,0.0785,"tumor"
"1512",27,"C_U",0.2,0.0775,"tumor"
"1513",28,"IGS",0.3,0.018,"tumor"
"1514",29,"IGS_proper",0.3,0.0855,"tumor"
"1515",30,"ILL",0.3,0.225,"tumor"
"1516",31,"ILL_proper",0.3,0.1585,"tumor"
"1517",32,"NLL",0.3,0.7015,"tumor"
"1518",33,"SNL",0.3,0.7955,"tumor"
"1519",34,"RCLL",0.3,1.9185,"tumor"
"1520",35,"C_H",0.3,0.0675,"tumor"
"1521",36,"C_U",0.3,0.039,"tumor"
"1522",37,"IGS",0.4,0.011,"tumor"
"1523",38,"IGS_proper",0.4,0.9995,"tumor"
"1524",39,"ILL",0.4,0.225,"tumor"
"1525",40,"ILL_proper",0.4,1.333,"tumor"
"1526",41,"NLL",0.4,0.323,"tumor"
"1527",42,"SNL",0.4,0.289,"tumor"
"1528",43,"RCLL",0.4,0.3295,"tumor"
"1529",44,"C_H",0.4,0.0265,"tumor"
"1530",45,"C_U",0.4,0.023,"tumor"
"1531",46,"IGS",0.5,0.032,"tumor"
"1532",47,"IGS_proper",0.5,0.1645,"tumor"
"1533",48,"ILL",0.5,0.0345,"tumor"
"1534",49,"ILL_proper",0.5,0.1855,"tumor"
"1535",50,"NLL",0.5,1.495,"tumor"
"1536",51,"SNL",0.5,2.248,"tumor"
"1537",52,"RCLL",0.5,0.52,"tumor"
"1538",53,"C_H",0.5,0.158,"tumor"
"1539",54,"C_U",0.5,0.064,"tumor"
"1540",55,"IGS",0.6,0.0165,"tumor"
"1541",56,"IGS_proper",0.6,0.0405,"tumor"
"1542",57,"ILL",0.6,0.0885,"tumor"
"1543",58,"ILL_proper",0.6,0.09,"tumor"
"1544",59,"NLL",0.6,1.3665,"tumor"
"1545",60,"SNL",0.6,2.2,"tumor"
"1546",61,"RCLL",0.6,2.373,"tumor"
"1547",62,"C_H",0.6,0.1035,"tumor"
"1548",63,"C_U",0.6,0.072,"tumor"
"1549",64,"IGS",0.7,0.0495,"tumor"
"1550",65,"IGS_proper",0.7,0.05,"tumor"
"1551",66,"ILL",0.7,0.1475,"tumor"
"1552",67,"ILL_proper",0.7,0.1845,"tumor"
"1553",68,"NLL",0.7,1.701,"tumor"
"1554",69,"SNL",0.7,3.4555,"tumor"
"1555",70,"RCLL",0.7,2.542,"tumor"
"1556",71,"C_H",0.7,0.0735,"tumor"
"1557",72,"C_U",0.7,0.0735,"tumor"
"1558",73,"IGS",0.8,0.044,"tumor"
"1559",74,"IGS_proper",0.8,0.083,"tumor"
"1560",75,"ILL",0.8,0.362,"tumor"
"1561",76,"ILL_proper",0.8,0.2765,"tumor"
"1562",77,"NLL",0.8,1.3615,"tumor"
"1563",78,"SNL",0.8,3.0975,"tumor"
"1564",79,"RCLL",0.8,3.9315,"tumor"
"1565",80,"C_H",0.8,0.095,"tumor"
"1566",81,"C_U",0.8,0.103,"tumor"
"1567",82,"IGS",0.9,0.0275,"tumor"
"1568",83,"IGS_proper",0.9,0.5735,"tumor"
"1569",84,"ILL",0.9,0.123,"tumor"
"1570",85,"ILL_proper",0.9,0.4,"tumor"
"1571",86,"NLL",0.9,1.369,"tumor"
"1572",87,"SNL",0.9,2.2385,"tumor"
"1573",88,"RCLL",0.9,1.4015,"tumor"
"1574",89,"C_H",0.9,0.1135,"tumor"
"1575",90,"C_U",0.9,0.127,"tumor"
"1576",91,"IGS",1,0.0275,"tumor"
"1577",92,"IGS_proper",1,0.012,"tumor"
"1578",93,"ILL",1,0.17,"tumor"
"1579",94,"ILL_proper",1,0.174,"tumor"
"1580",95,"NLL",1,0.5685,"tumor"
"1581",96,"SNL",1,1.3735,"tumor"
"1582",97,"RCLL",1,1.4355,"tumor"
"1583",98,"C_H",1,0.089,"tumor"
"1584",99,"C_U",1,0.078,"tumor"
"1585",1,"IGS",0,0.0275,"uis"
"1586",2,"IGS_proper",0,0.0335,"uis"
"1587",3,"ILL",0,0.0735,"uis"
"1588",4,"ILL_proper",0,0.079,"uis"
"1589",5,"NLL",0,2.004,"uis"
"1590",6,"SNL",0,2.5235,"uis"
"1591",7,"RCLL",0,1.743,"uis"
"1592",8,"C_H",0,0.0805,"uis"
"1593",9,"C_U",0,0.0935,"uis"
"1594",10,"IGS",0.1,0.0215,"uis"
"1595",11,"IGS_proper",0.1,0.0655,"uis"
"1596",12,"ILL",0.1,0.268,"uis"
"1597",13,"ILL_proper",0.1,0.326,"uis"
"1598",14,"NLL",0.1,0.948,"uis"
"1599",15,"SNL",0.1,1.416,"uis"
"1600",16,"RCLL",0.1,2.3285,"uis"
"1601",17,"C_H",0.1,0.1025,"uis"
"1602",18,"C_U",0.1,0.072,"uis"
"1603",19,"IGS",0.2,0.04,"uis"
"1604",20,"IGS_proper",0.2,0.6725,"uis"
"1605",21,"ILL",0.2,0.197,"uis"
"1606",22,"ILL_proper",0.2,2.169,"uis"
"1607",23,"NLL",0.2,0.6295,"uis"
"1608",24,"SNL",0.2,0.9225,"uis"
"1609",25,"RCLL",0.2,1.5065,"uis"
"1610",26,"C_H",0.2,0.077,"uis"
"1611",27,"C_U",0.2,0.2625,"uis"
"1612",28,"IGS",0.3,0.0415,"uis"
"1613",29,"IGS_proper",0.3,0.0635,"uis"
"1614",30,"ILL",0.3,0.076,"uis"
"1615",31,"ILL_proper",0.3,0.019,"uis"
"1616",32,"NLL",0.3,2.9625,"uis"
"1617",33,"SNL",0.3,4.7355,"uis"
"1618",34,"RCLL",0.3,1.9705,"uis"
"1619",35,"C_H",0.3,0.0505,"uis"
"1620",36,"C_U",0.3,0.043,"uis"
"1621",37,"IGS",0.4,0.007,"uis"
"1622",38,"IGS_proper",0.4,0.04,"uis"
"1623",39,"ILL",0.4,0.063,"uis"
"1624",40,"ILL_proper",0.4,0.105,"uis"
"1625",41,"NLL",0.4,4.587,"uis"
"1626",42,"SNL",0.4,5.761,"uis"
"1627",43,"RCLL",0.4,3.2385,"uis"
"1628",44,"C_H",0.4,0.122,"uis"
"1629",45,"C_U",0.4,0.091,"uis"
"1630",46,"IGS",0.5,0.0235,"uis"
"1631",47,"IGS_proper",0.5,0.092,"uis"
"1632",48,"ILL",0.5,0.2045,"uis"
"1633",49,"ILL_proper",0.5,0.253,"uis"
"1634",50,"NLL",0.5,2.15,"uis"
"1635",51,"SNL",0.5,2.2415,"uis"
"1636",52,"RCLL",0.5,3.4195,"uis"
"1637",53,"C_H",0.5,0.05,"uis"
"1638",54,"C_U",0.5,0.0335,"uis"
"1639",55,"IGS",0.6,0.0255,"uis"
"1640",56,"IGS_proper",0.6,0.0505,"uis"
"1641",57,"ILL",0.6,0.148,"uis"
"1642",58,"ILL_proper",0.6,0.1225,"uis"
"1643",59,"NLL",0.6,3.9365,"uis"
"1644",60,"SNL",0.6,4.459,"uis"
"1645",61,"RCLL",0.6,2.4915,"uis"
"1646",62,"C_H",0.6,0.1135,"uis"
"1647",63,"C_U",0.6,0.049,"uis"
"1648",64,"IGS",0.7,0.027,"uis"
"1649",65,"IGS_proper",0.7,2.1075,"uis"
"1650",66,"ILL",0.7,0.2955,"uis"
"1651",67,"ILL_proper",0.7,1.5215,"uis"
"1652",68,"NLL",0.7,3.827,"uis"
"1653",69,"SNL",0.7,6.0615,"uis"
"1654",70,"RCLL",0.7,2.9565,"uis"
"1655",71,"C_H",0.7,0.0625,"uis"
"1656",72,"C_U",0.7,0.0395,"uis"
"1657",73,"IGS",0.8,0.0405,"uis"
"1658",74,"IGS_proper",0.8,0.452,"uis"
"1659",75,"ILL",0.8,0.0675,"uis"
"1660",76,"ILL_proper",0.8,1.0735,"uis"
"1661",77,"NLL",0.8,3.1945,"uis"
"1662",78,"SNL",0.8,5.0585,"uis"
"1663",79,"RCLL",0.8,2.3765,"uis"
"1664",80,"C_H",0.8,0.0525,"uis"
"1665",81,"C_U",0.8,0.026,"uis"
"1666",82,"IGS",0.9,0.016,"uis"
"1667",83,"IGS_proper",0.9,0.0575,"uis"
"1668",84,"ILL",0.9,0.3205,"uis"
"1669",85,"ILL_proper",0.9,0.238,"uis"
"1670",86,"NLL",0.9,4.275,"uis"
"1671",87,"SNL",0.9,5.8565,"uis"
"1672",88,"RCLL",0.9,4.5105,"uis"
"1673",89,"C_H",0.9,0.0465,"uis"
"1674",90,"C_U",0.9,0.0395,"uis"
"1675",91,"IGS",1,0.0145,"uis"
"1676",92,"IGS_proper",1,0.0695,"uis"
"1677",93,"ILL",1,0.614,"uis"
"1678",94,"ILL_proper",1,0.437,"uis"
"1679",95,"NLL",1,6.398,"uis"
"1680",96,"SNL",1,7.6595,"uis"
"1681",97,"RCLL",1,4.7855,"uis"
"1682",98,"C_H",1,0.044,"uis"
"1683",99,"C_U",1,0.0645,"uis"
"1684",1,"IGS",0,0.043,"veteran"
"1685",2,"IGS_proper",0,0.0495,"veteran"
"1686",3,"ILL",0,0.6415,"veteran"
"1687",4,"ILL_proper",0,0.604,"veteran"
"1688",5,"NLL",0,4.037,"veteran"
"1689",6,"SNL",0,4.417,"veteran"
"1690",7,"RCLL",0,5.5605,"veteran"
"1691",8,"C_H",0,0.0285,"veteran"
"1692",9,"C_U",0,0.021,"veteran"
"1693",10,"IGS",0.1,0.058,"veteran"
"1694",11,"IGS_proper",0.1,0.0675,"veteran"
"1695",12,"ILL",0.1,0.7145,"veteran"
"1696",13,"ILL_proper",0.1,0.6865,"veteran"
"1697",14,"NLL",0.1,6.873,"veteran"
"1698",15,"SNL",0.1,5.905,"veteran"
"1699",16,"RCLL",0.1,5.5485,"veteran"
"1700",17,"C_H",0.1,0.05,"veteran"
"1701",18,"C_U",0.1,0.0255,"veteran"
"1702",19,"IGS",0.2,0.041,"veteran"
"1703",20,"IGS_proper",0.2,0.032,"veteran"
"1704",21,"ILL",0.2,0.818,"veteran"
"1705",22,"ILL_proper",0.2,0.823,"veteran"
"1706",23,"NLL",0.2,1.4655,"veteran"
"1707",24,"SNL",0.2,1.774,"veteran"
"1708",25,"RCLL",0.2,1.377,"veteran"
"1709",26,"C_H",0.2,0.066,"veteran"
"1710",27,"C_U",0.2,0.0515,"veteran"
"1711",28,"IGS",0.3,0.064,"veteran"
"1712",29,"IGS_proper",0.3,0.114,"veteran"
"1713",30,"ILL",0.3,0.3605,"veteran"
"1714",31,"ILL_proper",0.3,0.376,"veteran"
"1715",32,"NLL",0.3,2.0825,"veteran"
"1716",33,"SNL",0.3,3.819,"veteran"
"1717",34,"RCLL",0.3,1.5285,"veteran"
"1718",35,"C_H",0.3,0.0845,"veteran"
"1719",36,"C_U",0.3,0.0975,"veteran"
"1720",37,"IGS",0.4,0.039,"veteran"
"1721",38,"IGS_proper",0.4,0.0245,"veteran"
"1722",39,"ILL",0.4,0.2745,"veteran"
"1723",40,"ILL_proper",0.4,0.364,"veteran"
"1724",41,"NLL",0.4,1.9925,"veteran"
"1725",42,"SNL",0.4,2.3705,"veteran"
"1726",43,"RCLL",0.4,5.886,"veteran"
"1727",44,"C_H",0.4,0.0905,"veteran"
"1728",45,"C_U",0.4,0.137,"veteran"
"1729",46,"IGS",0.5,0.1205,"veteran"
"1730",47,"IGS_proper",0.5,0.0975,"veteran"
"1731",48,"ILL",0.5,0.117,"veteran"
"1732",49,"ILL_proper",0.5,0.1715,"veteran"
"1733",50,"NLL",0.5,1.927,"veteran"
"1734",51,"SNL",0.5,1.814,"veteran"
"1735",52,"RCLL",0.5,7.216,"veteran"
"1736",53,"C_H",0.5,0.083,"veteran"
"1737",54,"C_U",0.5,0.0925,"veteran"
"1738",55,"IGS",0.6,0.0505,"veteran"
"1739",56,"IGS_proper",0.6,0.059,"veteran"
"1740",57,"ILL",0.6,0.1375,"veteran"
"1741",58,"ILL_proper",0.6,0.0805,"veteran"
"1742",59,"NLL",0.6,0.686,"veteran"
"1743",60,"SNL",0.6,2.421,"veteran"
"1744",61,"RCLL",0.6,4.701,"veteran"
"1745",62,"C_H",0.6,0.117,"veteran"
"1746",63,"C_U",0.6,0.338,"veteran"
"1747",64,"IGS",0.7,0.1245,"veteran"
"1748",65,"IGS_proper",0.7,0.3335,"veteran"
"1749",66,"ILL",0.7,0.3265,"veteran"
"1750",67,"ILL_proper",0.7,0.5905,"veteran"
"1751",68,"NLL",0.7,1.9805,"veteran"
"1752",69,"SNL",0.7,1.469,"veteran"
"1753",70,"RCLL",0.7,6.004,"veteran"
"1754",71,"C_H",0.7,0.111,"veteran"
"1755",72,"C_U",0.7,0.0815,"veteran"
"1756",73,"IGS",0.8,0.173,"veteran"
"1757",74,"IGS_proper",0.8,0.354,"veteran"
"1758",75,"ILL",0.8,0.045,"veteran"
"1759",76,"ILL_proper",0.8,0.249,"veteran"
"1760",77,"NLL",0.8,3.3315,"veteran"
"1761",78,"SNL",0.8,2.0935,"veteran"
"1762",79,"RCLL",0.8,6.852,"veteran"
"1763",80,"C_H",0.8,0.127,"veteran"
"1764",81,"C_U",0.8,0.196,"veteran"
"1765",82,"IGS",0.9,0.0805,"veteran"
"1766",83,"IGS_proper",0.9,0.116,"veteran"
"1767",84,"ILL",0.9,0.7,"veteran"
"1768",85,"ILL_proper",0.9,0.715,"veteran"
"1769",86,"NLL",0.9,2.151,"veteran"
"1770",87,"SNL",0.9,2.3095,"veteran"
"1771",88,"RCLL",0.9,12.8755,"veteran"
"1772",89,"C_H",0.9,0.162,"veteran"
"1773",90,"C_U",0.9,0.146,"veteran"
"1774",91,"IGS",1,0.102,"veteran"
"1775",92,"IGS_proper",1,5.963,"veteran"
"1776",93,"ILL",1,0.1785,"veteran"
"1777",94,"ILL_proper",1,7.4845,"veteran"
"1778",95,"NLL",1,5.342,"veteran"
"1779",96,"SNL",1,4.8345,"veteran"
"1780",97,"RCLL",1,7.2035,"veteran"
"1781",98,"C_H",1,0.2325,"veteran"
"1782",99,"C_U",1,0.2605,"veteran"
"1783",1,"IGS",0,0.0635,"wbc1"
"1784",2,"IGS_proper",0,0.115,"wbc1"
"1785",3,"ILL",0,0.041,"wbc1"
"1786",4,"ILL_proper",0,0.069,"wbc1"
"1787",5,"NLL",0,0,"wbc1"
"1788",6,"SNL",0,0,"wbc1"
"1789",7,"RCLL",0,2.1295,"wbc1"
"1790",8,"C_H",0,0.1005,"wbc1"
"1791",9,"C_U",0,0.3285,"wbc1"
"1792",10,"IGS",0.1,0.2425,"wbc1"
"1793",11,"IGS_proper",0.1,1.475,"wbc1"
"1794",12,"ILL",0.1,2.158,"wbc1"
"1795",13,"ILL_proper",0.1,3.09,"wbc1"
"1796",14,"NLL",0.1,0.9735,"wbc1"
"1797",15,"SNL",0.1,0.829,"wbc1"
"1798",16,"RCLL",0.1,4.68,"wbc1"
"1799",17,"C_H",0.1,0.1285,"wbc1"
"1800",18,"C_U",0.1,0.2495,"wbc1"
"1801",19,"IGS",0.2,0.0185,"wbc1"
"1802",20,"IGS_proper",0.2,0.039,"wbc1"
"1803",21,"ILL",0.2,0.1135,"wbc1"
"1804",22,"ILL_proper",0.2,0.213,"wbc1"
"1805",23,"NLL",0.2,4.429,"wbc1"
"1806",24,"SNL",0.2,3.8925,"wbc1"
"1807",25,"RCLL",0.2,3.0685,"wbc1"
"1808",26,"C_H",0.2,0.013,"wbc1"
"1809",27,"C_U",0.2,0.063,"wbc1"
"1810",28,"IGS",0.3,0.0585,"wbc1"
"1811",29,"IGS_proper",0.3,0.0765,"wbc1"
"1812",30,"ILL",0.3,0.0615,"wbc1"
"1813",31,"ILL_proper",0.3,0.1665,"wbc1"
"1814",32,"NLL",0.3,6.284,"wbc1"
"1815",33,"SNL",0.3,4.549,"wbc1"
"1816",34,"RCLL",0.3,4.6665,"wbc1"
"1817",35,"C_H",0.3,0.119,"wbc1"
"1818",36,"C_U",0.3,0.224,"wbc1"
"1819",37,"IGS",0.4,0.019,"wbc1"
"1820",38,"IGS_proper",0.4,0.0375,"wbc1"
"1821",39,"ILL",0.4,0.1835,"wbc1"
"1822",40,"ILL_proper",0.4,0.1525,"wbc1"
"1823",41,"NLL",0.4,9.8,"wbc1"
"1824",42,"SNL",0.4,10.659,"wbc1"
"1825",43,"RCLL",0.4,6.557,"wbc1"
"1826",44,"C_H",0.4,0.0265,"wbc1"
"1827",45,"C_U",0.4,0.1715,"wbc1"
"1828",46,"IGS",0.5,0.04,"wbc1"
"1829",47,"IGS_proper",0.5,2.264,"wbc1"
"1830",48,"ILL",0.5,0.2485,"wbc1"
"1831",49,"ILL_proper",0.5,8.939,"wbc1"
"1832",50,"NLL",0.5,15.208,"wbc1"
"1833",51,"SNL",0.5,9.847,"wbc1"
"1834",52,"RCLL",0.5,11.775,"wbc1"
"1835",53,"C_H",0.5,0.048,"wbc1"
"1836",54,"C_U",0.5,0.08,"wbc1"
"1837",55,"IGS",0.6,0.066,"wbc1"
"1838",56,"IGS_proper",0.6,0.153,"wbc1"
"1839",57,"ILL",0.6,0.324,"wbc1"
"1840",58,"ILL_proper",0.6,0.3115,"wbc1"
"1841",59,"NLL",0.6,17.895,"wbc1"
"1842",60,"SNL",0.6,21.609,"wbc1"
"1843",61,"RCLL",0.6,12.396,"wbc1"
"1844",62,"C_H",0.6,0.137,"wbc1"
"1845",63,"C_U",0.6,0.2485,"wbc1"
"1846",64,"IGS",0.7,0.0195,"wbc1"
"1847",65,"IGS_proper",0.7,0.0655,"wbc1"
"1848",66,"ILL",0.7,6.728,"wbc1"
"1849",67,"ILL_proper",0.7,6.908,"wbc1"
"1850",68,"NLL",0.7,20.7495,"wbc1"
"1851",69,"SNL",0.7,20.454,"wbc1"
"1852",70,"RCLL",0.7,12.366,"wbc1"
"1853",71,"C_H",0.7,0.2045,"wbc1"
"1854",72,"C_U",0.7,0.201,"wbc1"
"1855",73,"IGS",0.8,0.0165,"wbc1"
"1856",74,"IGS_proper",0.8,0.049,"wbc1"
"1857",75,"ILL",0.8,47.127,"wbc1"
"1858",76,"ILL_proper",0.8,106.6985,"wbc1"
"1859",77,"NLL",0.8,23.3795,"wbc1"
"1860",78,"SNL",0.8,22.866,"wbc1"
"1861",79,"RCLL",0.8,14.3485,"wbc1"
"1862",80,"C_H",0.8,0.041,"wbc1"
"1863",81,"C_U",0.8,0.0465,"wbc1"
"1864",82,"IGS",0.9,0.024,"wbc1"
"1865",83,"IGS_proper",0.9,0.048,"wbc1"
"1866",84,"ILL",0.9,196.2465,"wbc1"
"1867",85,"ILL_proper",0.9,203.757,"wbc1"
"1868",86,"NLL",0.9,26.4295,"wbc1"
"1869",87,"SNL",0.9,24.7255,"wbc1"
"1870",88,"RCLL",0.9,12.2355,"wbc1"
"1871",89,"C_H",0.9,0.3155,"wbc1"
"1872",90,"C_U",0.9,0.2485,"wbc1"
"1873",91,"IGS",1,0.0385,"wbc1"
"1874",92,"IGS_proper",1,0.126,"wbc1"
"1875",93,"ILL",1,311.984,"wbc1"
"1876",94,"ILL_proper",1,312.294,"wbc1"
"1877",95,"NLL",1,31.8995,"wbc1"
"1878",96,"SNL",1,32.4545,"wbc1"
"1879",97,"RCLL",1,16.514,"wbc1"
"1880",98,"C_H",1,0.102,"wbc1"
"1881",99,"C_U",1,0.106,"wbc1"
"1882",1,"IGS",0,0.02,"whas"
"1883",2,"IGS_proper",0,0.03,"whas"
"1884",3,"ILL",0,0.627,"whas"
"1885",4,"ILL_proper",0,0.021,"whas"
"1886",5,"NLL",0,2.2235,"whas"
"1887",6,"SNL",0,4.0885,"whas"
"1888",7,"RCLL",0,2.3565,"whas"
"1889",8,"C_H",0,0.082,"whas"
"1890",9,"C_U",0,0.0725,"whas"
"1891",10,"IGS",0.1,0.045,"whas"
"1892",11,"IGS_proper",0.1,0.0375,"whas"
"1893",12,"ILL",0.1,0.085,"whas"
"1894",13,"ILL_proper",0.1,0.2125,"whas"
"1895",14,"NLL",0.1,0.78,"whas"
"1896",15,"SNL",0.1,2.192,"whas"
"1897",16,"RCLL",0.1,2.452,"whas"
"1898",17,"C_H",0.1,0.066,"whas"
"1899",18,"C_U",0.1,0.0675,"whas"
"1900",19,"IGS",0.2,0.013,"whas"
"1901",20,"IGS_proper",0.2,0.019,"whas"
"1902",21,"ILL",0.2,0.27,"whas"
"1903",22,"ILL_proper",0.2,0.127,"whas"
"1904",23,"NLL",0.2,2.1125,"whas"
"1905",24,"SNL",0.2,4.198,"whas"
"1906",25,"RCLL",0.2,1.603,"whas"
"1907",26,"C_H",0.2,0.031,"whas"
"1908",27,"C_U",0.2,0.0725,"whas"
"1909",28,"IGS",0.3,0.03,"whas"
"1910",29,"IGS_proper",0.3,0.041,"whas"
"1911",30,"ILL",0.3,0.5,"whas"
"1912",31,"ILL_proper",0.3,0.161,"whas"
"1913",32,"NLL",0.3,1.557,"whas"
"1914",33,"SNL",0.3,3.713,"whas"
"1915",34,"RCLL",0.3,2.3495,"whas"
"1916",35,"C_H",0.3,0.079,"whas"
"1917",36,"C_U",0.3,0.0975,"whas"
"1918",37,"IGS",0.4,0.137,"whas"
"1919",38,"IGS_proper",0.4,0.0455,"whas"
"1920",39,"ILL",0.4,0.635,"whas"
"1921",40,"ILL_proper",0.4,0.4065,"whas"
"1922",41,"NLL",0.4,1.9625,"whas"
"1923",42,"SNL",0.4,2.621,"whas"
"1924",43,"RCLL",0.4,1.4065,"whas"
"1925",44,"C_H",0.4,0.033,"whas"
"1926",45,"C_U",0.4,0.0285,"whas"
"1927",46,"IGS",0.5,0.032,"whas"
"1928",47,"IGS_proper",0.5,0.08,"whas"
"1929",48,"ILL",0.5,0.2425,"whas"
"1930",49,"ILL_proper",0.5,0.093,"whas"
"1931",50,"NLL",0.5,2.503,"whas"
"1932",51,"SNL",0.5,6.6885,"whas"
"1933",52,"RCLL",0.5,4.1785,"whas"
"1934",53,"C_H",0.5,0.1305,"whas"
"1935",54,"C_U",0.5,0.1255,"whas"
"1936",55,"IGS",0.6,0.033,"whas"
"1937",56,"IGS_proper",0.6,0.0415,"whas"
"1938",57,"ILL",0.6,0.381,"whas"
"1939",58,"ILL_proper",0.6,0.2415,"whas"
"1940",59,"NLL",0.6,3.683,"whas"
"1941",60,"SNL",0.6,8.1785,"whas"
"1942",61,"RCLL",0.6,2.5015,"whas"
"1943",62,"C_H",0.6,0.135,"whas"
"1944",63,"C_U",0.6,0.151,"whas"
"1945",64,"IGS",0.7,0.0215,"whas"
"1946",65,"IGS_proper",0.7,0.0265,"whas"
"1947",66,"ILL",0.7,0.6185,"whas"
"1948",67,"ILL_proper",0.7,0.2755,"whas"
"1949",68,"NLL",0.7,3.491,"whas"
"1950",69,"SNL",0.7,6.193,"whas"
"1951",70,"RCLL",0.7,1.9955,"whas"
"1952",71,"C_H",0.7,0.12,"whas"
"1953",72,"C_U",0.7,0.1455,"whas"
"1954",73,"IGS",0.8,0.0305,"whas"
"1955",74,"IGS_proper",0.8,0.096,"whas"
"1956",75,"ILL",0.8,0.591,"whas"
"1957",76,"ILL_proper",0.8,0.1745,"whas"
"1958",77,"NLL",0.8,4.3025,"whas"
"1959",78,"SNL",0.8,9.4565,"whas"
"1960",79,"RCLL",0.8,5.2745,"whas"
"1961",80,"C_H",0.8,0.244,"whas"
"1962",81,"C_U",0.8,0.2695,"whas"
"1963",82,"IGS",0.9,0.0805,"whas"
"1964",83,"IGS_proper",0.9,0.013,"whas"
"1965",84,"ILL",0.9,0.9175,"whas"
"1966",85,"ILL_proper",0.9,0.628,"whas"
"1967",86,"NLL",0.9,4.968,"whas"
"1968",87,"SNL",0.9,8.918,"whas"
"1969",88,"RCLL",0.9,1.437,"whas"
"1970",89,"C_H",0.9,0.2385,"whas"
"1971",90,"C_U",0.9,0.2535,"whas"
"1972",91,"IGS",1,NA,"whas"
"1973",92,"IGS_proper",1,0.039,"whas"
"1974",93,"ILL",1,NA,"whas"
"1975",94,"ILL_proper",1,0.526,"whas"
"1976",95,"NLL",1,3.8625,"whas"
"1977",96,"SNL",1,6.875,"whas"
"1978",97,"RCLL",1,1.242,"whas"
"1979",98,"C_H",1,0.241,"whas"
"1980",99,"C_U",1,0.1855,"whas"
